2024-10-17 15:56:32 Loading main app package /usr/lib/obsidian/obsidian.asar
2024-10-17 15:56:33 Checking for update using Github
2024-10-17 15:56:33 Success.
2024-10-17 15:56:33 Latest version is 1.7.4
2024-10-17 15:56:33 App is up to date.
2024-10-17 15:58:46 Loading main app package /usr/lib/obsidian/obsidian.asar
2024-10-17 15:58:47 Checking for update using Github
2024-10-17 15:58:47 Success.
2024-10-17 15:58:47 Latest version is 1.7.4
2024-10-17 15:58:47 App is up to date.
2024-10-17 16:01:28 Loading main app package /usr/lib/obsidian/obsidian.asar
2024-10-17 16:01:29 Checking for update using Github
2024-10-17 16:01:29 Success.
2024-10-17 16:01:29 Latest version is 1.7.4
2024-10-17 16:01:29 App is up to date.
2024-10-17 16:09:27 Loading main app package /usr/lib/obsidian/obsidian.asar
2024-10-17 16:09:27 Checking for update using Github
2024-10-17 16:09:28 Success.
2024-10-17 16:09:28 Latest version is 1.7.4
2024-10-17 16:09:28 App is up to date.
2024-10-17 16:10:33 Loading main app package /usr/lib/obsidian/obsidian.asar
2024-10-17 16:10:33 Checking for update using Github
2024-10-19 10:47:57 Loading main app package /usr/lib/obsidian/obsidian.asar
2024-10-19 10:47:57 Checking for update using Github
2024-10-19 10:47:57 Success.
2024-10-19 10:47:57 Latest version is 1.7.4
2024-10-19 10:47:57 App is up to date.
2024-10-20 09:17:18 Loading main app package /usr/lib/obsidian/obsidian.asar
2024-10-20 09:17:18 Checking for update using Github
2024-10-20 09:17:18 Success.
2024-10-20 09:17:18 Latest version is 1.7.4
2024-10-20 09:17:18 App is up to date.
2024-10-20 09:21:26 Loading main app package /usr/lib/obsidian/obsidian.asar
2024-10-20 09:21:27 Checking for update using Github
2024-10-20 09:21:27 Success.
2024-10-20 09:21:27 Latest version is 1.7.4
2024-10-20 09:21:27 App is up to date.
2024-10-20 10:21:26 Checking for update using Github
2024-10-20 10:21:26 Success.
2024-10-20 10:21:26 Latest version is 1.7.4
2024-10-20 10:21:26 App is up to date.
2024-10-21 14:43:14 Loading main app package /usr/lib/obsidian/obsidian.asar
2024-10-21 14:43:15 Checking for update using Github
2024-10-21 14:43:15 Success.
2024-10-21 14:43:15 Latest version is 1.7.4
2024-10-21 14:43:15 App is up to date.
2024-10-21 15:08:11 Loading main app package /usr/lib/obsidian/obsidian.asar
2024-10-21 15:08:11 Checking for update using Github
2024-10-21 15:08:12 Success.
2024-10-21 15:08:12 Latest version is 1.7.4
2024-10-21 15:08:12 App is up to date.
2024-10-22 10:36:13 Loading main app package /usr/lib/obsidian/obsidian.asar
2024-10-22 10:36:13 Checking for update using Github
2024-10-22 10:36:14 Success.
2024-10-22 10:36:14 Latest version is 1.7.4
2024-10-22 10:36:14 App is up to date.
2024-10-23 10:15:42 Loading main app package /usr/lib/obsidian/obsidian.asar
2024-10-23 10:15:43 Checking for update using Github
2024-10-23 10:15:43 Success.
2024-10-23 10:15:43 Latest version is 1.7.4
2024-10-23 10:15:43 App is up to date.
2024-10-23 11:00:13 Loading main app package /usr/lib/obsidian/obsidian.asar
2024-10-23 11:00:13 Checking for update using Github
2024-10-23 11:00:14 Success.
2024-10-23 11:00:14 Latest version is 1.7.4
2024-10-23 11:00:14 App is up to date.
2024-10-23 11:33:26 Loading main app package /usr/lib/obsidian/obsidian.asar
2024-10-23 11:33:26 Checking for update using Github
2024-10-23 11:33:26 Success.
2024-10-23 11:33:26 Latest version is 1.7.4
2024-10-23 11:33:26 App is up to date.
2024-10-23 13:08:09 Loading main app package /usr/lib/obsidian/obsidian.asar
2024-10-23 13:08:09 Checking for update using Github
2024-10-23 13:08:09 Success.
2024-10-23 13:08:09 Latest version is 1.7.4
2024-10-23 13:08:09 App is up to date.
2024-10-31 09:51:33 Loading main app package /usr/lib/obsidian/obsidian.asar
2024-10-31 09:51:33 Checking for update using Github
2024-10-31 09:51:34 Success.
2024-10-31 09:51:34 Latest version is 1.7.4
2024-10-31 09:51:34 App is up to date.
2024-10-31 17:00:02 Loading main app package /usr/lib/obsidian/obsidian.asar
2024-10-31 17:00:02 Checking for update using Github
2024-10-31 17:00:02 Success.
2024-10-31 17:00:02 Latest version is 1.7.4
2024-10-31 17:00:02 App is up to date.
2024-10-31 17:09:00 Loading main app package /usr/lib/obsidian/obsidian.asar
2024-10-31 17:09:00 Checking for update using Github
2024-10-31 17:09:01 Success.
2024-10-31 17:09:01 Latest version is 1.7.4
2024-10-31 17:09:01 App is up to date.
2024-10-31 17:21:07 Loading main app package /usr/lib/obsidian/obsidian.asar
2024-10-31 17:21:07 Checking for update using Github
2024-10-31 18:54:03 Checking for update using Github
2024-10-31 18:54:03 Success.
2024-10-31 18:54:03 Latest version is 1.7.4
2024-10-31 18:54:03 App is up to date.
2024-10-31 19:54:03 Checking for update using Github
2024-10-31 19:54:03 Success.
2024-10-31 19:54:03 Latest version is 1.7.4
2024-10-31 19:54:03 App is up to date.
2024-11-01 14:07:59 Loading main app package /usr/lib/obsidian/obsidian.asar
2024-11-01 14:07:59 Checking for update using Github
2024-11-01 14:07:59 Success.
2024-11-01 14:07:59 Latest version is 1.7.4
2024-11-01 14:07:59 App is up to date.
2024-11-01 14:09:01 Loading main app package /usr/lib/obsidian/obsidian.asar
2024-11-01 14:09:01 Checking for update using Github
2024-11-01 14:09:02 Success.
2024-11-01 14:09:02 Latest version is 1.7.4
2024-11-01 14:09:02 App is up to date.
2024-11-01 15:22:49 Loading main app package /usr/lib/obsidian/obsidian.asar
2024-11-01 15:22:49 Checking for update using Github
2024-11-01 15:22:49 Success.
2024-11-01 15:22:49 Latest version is 1.7.4
2024-11-01 15:22:49 App is up to date.
2024-11-01 16:05:38 Loading main app package /usr/lib/obsidian/obsidian.asar
2024-11-01 16:05:38 Checking for update using Github
2024-11-01 16:05:39 Success.
2024-11-01 16:05:39 Latest version is 1.7.4
2024-11-01 16:05:39 App is up to date.
2024-11-01 17:06:51 Loading main app package /usr/lib/obsidian/obsidian.asar
2024-11-01 17:06:51 Checking for update using Github
2024-11-01 17:06:52 Success.
2024-11-01 17:06:52 Latest version is 1.7.4
2024-11-01 17:06:52 App is up to date.
2024-11-02 11:29:03 Loading main app package /usr/lib/obsidian/obsidian.asar
2024-11-02 11:29:03 Checking for update using Github
2024-11-02 11:29:03 Success.
2024-11-02 11:29:03 Latest version is 1.7.4
2024-11-02 11:29:03 App is up to date.
2024-11-02 13:41:15 Checking for update using Github
2024-11-02 13:41:15 Success.
2024-11-02 13:41:15 Latest version is 1.7.4
2024-11-02 13:41:15 App is up to date.
2024-11-02 15:23:53 Checking for update using Github
2024-11-02 15:23:53 Success.
2024-11-02 15:23:53 Latest version is 1.7.4
2024-11-02 15:23:53 App is up to date.
2024-11-02 16:23:54 Checking for update using Github
2024-11-02 16:23:55 Success.
2024-11-02 16:23:55 Latest version is 1.7.4
2024-11-02 16:23:55 App is up to date.
2024-11-02 17:23:54 Checking for update using Github
2024-11-02 17:23:54 Success.
2024-11-02 17:23:54 Latest version is 1.7.4
2024-11-02 17:23:54 App is up to date.
2024-11-02 18:23:54 Checking for update using Github
2024-11-02 18:23:54 Success.
2024-11-02 18:23:54 Latest version is 1.7.4
2024-11-02 18:23:54 App is up to date.
2024-11-02 19:23:54 Checking for update using Github
2024-11-02 19:23:54 Success.
2024-11-02 19:23:54 Latest version is 1.7.4
2024-11-02 19:23:54 App is up to date.
2024-11-02 20:23:54 Checking for update using Github
2024-11-02 20:23:54 Success.
2024-11-02 20:23:54 Latest version is 1.7.4
2024-11-02 20:23:54 App is up to date.
2024-11-02 21:23:54 Checking for update using Github
2024-11-02 21:23:54 Success.
2024-11-02 21:23:54 Latest version is 1.7.4
2024-11-02 21:23:54 App is up to date.
2024-11-02 22:23:54 Checking for update using Github
2024-11-02 22:23:55 Success.
2024-11-02 22:23:55 Latest version is 1.7.4
2024-11-02 22:23:55 App is up to date.
2024-11-04 14:05:22 Loading main app package /usr/lib/obsidian/obsidian.asar
2024-11-04 14:05:22 Checking for update using Github
2024-11-04 14:05:23 Success.
2024-11-04 14:05:23 Latest version is 1.7.4
2024-11-04 14:05:23 App is up to date.
2024-11-04 16:06:09 Loading main app package /usr/lib/obsidian/obsidian.asar
2024-11-04 16:06:10 Checking for update using Github
2024-11-04 16:06:10 Success.
2024-11-04 16:06:10 Latest version is 1.7.4
2024-11-04 16:06:10 App is up to date.
2024-11-04 19:23:25 Loading main app package /usr/lib/obsidian/obsidian.asar
2024-11-04 19:23:25 Checking for update using Github
2024-11-04 19:23:26 Success.
2024-11-04 19:23:26 Latest version is 1.7.4
2024-11-04 19:23:26 App is up to date.
2024-11-04 20:23:25 Checking for update using Github
2024-11-04 20:23:25 Success.
2024-11-04 20:23:25 Latest version is 1.7.4
2024-11-04 20:23:25 App is up to date.
2024-11-05 11:36:25 Loading main app package /usr/lib/obsidian/obsidian.asar
2024-11-05 11:36:25 Checking for update using Github
2024-11-05 11:36:26 Success.
2024-11-05 11:36:26 Latest version is 1.7.5
2024-11-05 11:36:26 Downloading update from https://github.com/obsidianmd/obsidian-releases/releases/download/v1.7.5/obsidian-1.7.5.asar.gz
2024-11-05 11:36:27 Verifying hash & signature. Size= 8056498
2024-11-05 11:36:27 Saving file
2024-11-05 11:36:27 Update complete.
2024-11-05 12:56:57 Checking for update using Github
2024-11-05 12:56:57 Success.
2024-11-05 12:56:57 Latest version is 1.7.5
2024-11-05 12:56:57 An update is already downloaded.
2024-11-05 13:17:29 Loading updated app package /home/aaronz/.config/obsidian/obsidian-1.7.5.asar
2024-11-05 13:17:30 Checking for update using Github
2024-11-05 13:17:30 Success.
2024-11-05 13:17:30 Latest version is 1.7.5
2024-11-05 13:17:30 App is up to date.
2024-11-05 16:14:51 Loading updated app package /home/aaronz/.config/obsidian/obsidian-1.7.5.asar
2024-11-05 16:14:52 Checking for update using Github
2024-11-05 16:14:52 Failed to check for update using Github (net::ERR_INTERNET_DISCONNECTED)
2024-11-05 16:14:52 Checking for update using obsidian.md
2024-11-05 16:14:52 Failed to check for update using obsidian.md (net::ERR_INTERNET_DISCONNECTED)
2024-11-05 19:23:39 Loading updated app package /home/aaronz/.config/obsidian/obsidian-1.7.5.asar
2024-11-05 19:23:39 Checking for update using Github
2024-11-05 19:23:39 Success.
2024-11-05 19:23:39 Latest version is 1.7.5
2024-11-05 19:23:39 App is up to date.
2024-11-05 19:57:33 Loading updated app package /home/aaronz/.config/obsidian/obsidian-1.7.5.asar
2024-11-05 19:57:33 Checking for update using Github
2024-11-05 20:23:39 Checking for update using Github
2024-11-05 20:23:39 Success.
2024-11-05 20:23:39 Latest version is 1.7.5
2024-11-05 20:23:39 App is up to date.
2024-11-05 20:36:59 Loading updated app package /home/aaronz/.config/obsidian/obsidian-1.7.5.asar
2024-11-05 20:36:59 Checking for update using Github
2024-11-05 21:23:39 Checking for update using Github
2024-11-05 21:23:39 Success.
2024-11-05 21:23:39 Latest version is 1.7.5
2024-11-05 21:23:39 App is up to date.
2024-11-06 09:27:11 Loading updated app package /home/aaronz/.config/obsidian/obsidian-1.7.5.asar
2024-11-06 09:27:11 Checking for update using Github
2024-11-06 09:27:11 Success.
2024-11-06 09:27:11 Latest version is 1.7.5
2024-11-06 09:27:11 App is up to date.
2024-11-06 10:27:11 Checking for update using Github
2024-11-06 10:27:11 Success.
2024-11-06 10:27:11 Latest version is 1.7.5
2024-11-06 10:27:11 App is up to date.
2024-11-07 21:02:49 Loading updated app package /home/aaronz/.config/obsidian/obsidian-1.7.5.asar
2024-11-07 21:02:49 Checking for update using Github
2024-11-07 21:02:49 Success.
2024-11-07 21:02:49 Latest version is 1.7.5
2024-11-07 21:02:49 App is up to date.
2024-11-07 22:02:49 Checking for update using Github
2024-11-07 22:02:49 Success.
2024-11-07 22:02:49 Latest version is 1.7.5
2024-11-07 22:02:49 App is up to date.
2024-11-08 08:56:13 Loading updated app package /home/aaronz/.config/obsidian/obsidian-1.7.5.asar
2024-11-08 08:56:14 Checking for update using Github
2024-11-08 08:56:14 Success.
2024-11-08 08:56:14 Latest version is 1.7.5
2024-11-08 08:56:14 App is up to date.
2024-11-08 09:56:14 Checking for update using Github
2024-11-08 09:56:14 Success.
2024-11-08 09:56:14 Latest version is 1.7.5
2024-11-08 09:56:14 App is up to date.
2024-11-08 12:03:27 Loading updated app package /home/aaronz/.config/obsidian/obsidian-1.7.5.asar
2024-11-08 12:03:27 Checking for update using Github
2024-11-08 12:03:27 Success.
2024-11-08 12:03:27 Latest version is 1.7.5
2024-11-08 12:03:27 App is up to date.
2024-11-08 13:29:00 Loading updated app package /home/aaronz/.config/obsidian/obsidian-1.7.5.asar
2024-11-08 13:29:00 Checking for update using Github
2024-11-08 13:29:00 Success.
2024-11-08 13:29:00 Latest version is 1.7.5
2024-11-08 13:29:00 App is up to date.
2024-11-08 15:05:40 Loading updated app package /home/aaronz/.config/obsidian/obsidian-1.7.5.asar
2024-11-08 15:05:40 Checking for update using Github
2024-11-08 15:05:40 Success.
2024-11-08 15:05:40 Latest version is 1.7.5
2024-11-08 15:05:40 App is up to date.
2024-11-08 15:19:22 Loading updated app package /home/aaronz/.config/obsidian/obsidian-1.7.5.asar
2024-11-08 15:19:22 Checking for update using Github
2024-11-08 15:19:22 Success.
2024-11-08 15:19:22 Latest version is 1.7.5
2024-11-08 15:19:22 App is up to date.
2024-11-08 16:01:33 Loading updated app package /home/aaronz/.config/obsidian/obsidian-1.7.5.asar
2024-11-08 16:01:33 Checking for update using Github
2024-11-08 16:01:33 Success.
2024-11-08 16:01:33 Latest version is 1.7.5
2024-11-08 16:01:33 App is up to date.
2024-11-08 17:00:01 Loading updated app package /home/aaronz/.config/obsidian/obsidian-1.7.5.asar
2024-11-08 17:00:01 Checking for update using Github
2024-11-08 17:00:01 Success.
2024-11-08 17:00:01 Latest version is 1.7.5
2024-11-08 17:00:01 App is up to date.
2024-11-08 17:07:14 Loading updated app package /home/aaronz/.config/obsidian/obsidian-1.7.5.asar
2024-11-08 17:07:15 Checking for update using Github
2024-11-08 17:07:15 Success.
2024-11-08 17:07:15 Latest version is 1.7.5
2024-11-08 17:07:15 App is up to date.
2024-11-08 20:13:52 Loading updated app package /home/aaronz/.config/obsidian/obsidian-1.7.5.asar
2024-11-08 20:13:52 Checking for update using Github
2024-11-08 20:13:52 Success.
2024-11-08 20:13:52 Latest version is 1.7.5
2024-11-08 20:13:52 App is up to date.
2024-11-08 21:13:52 Checking for update using Github
2024-11-08 21:13:52 Success.
2024-11-08 21:13:52 Latest version is 1.7.5
2024-11-08 21:13:52 App is up to date.
2024-11-08 21:24:56 Loading updated app package /home/aaronz/.config/obsidian/obsidian-1.7.5.asar
2024-11-08 21:24:57 Checking for update using Github
2024-11-08 21:24:58 Success.
2024-11-08 21:24:58 Latest version is 1.7.5
2024-11-08 21:24:58 App is up to date.
2024-11-08 21:41:36 Loading updated app package /home/aaronz/.config/obsidian/obsidian-1.7.5.asar
2024-11-08 21:41:36 Checking for update using Github
2024-11-08 21:41:36 Success.
2024-11-08 21:41:36 Latest version is 1.7.5
2024-11-08 21:41:36 App is up to date.
2024-11-09 10:37:31 Loading updated app package /home/aaronz/.config/obsidian/obsidian-1.7.5.asar
2024-11-09 10:37:31 Checking for update using Github
2024-11-09 10:37:32 Success.
2024-11-09 10:37:32 Latest version is 1.7.5
2024-11-09 10:37:32 App is up to date.
2024-11-09 11:39:25 Loading updated app package /home/aaronz/.config/obsidian/obsidian-1.7.5.asar
2024-11-09 11:39:26 Checking for update using Github
2024-11-09 11:39:26 Success.
2024-11-09 11:39:26 Latest version is 1.7.5
2024-11-09 11:39:26 App is up to date.
2024-11-09 12:39:26 Checking for update using Github
2024-11-09 12:39:26 Success.
2024-11-09 12:39:26 Latest version is 1.7.5
2024-11-09 12:39:26 App is up to date.
2024-11-09 13:39:26 Checking for update using Github
2024-11-09 13:39:26 Success.
2024-11-09 13:39:26 Latest version is 1.7.5
2024-11-09 13:39:26 App is up to date.
2024-11-09 14:39:26 Checking for update using Github
2024-11-09 14:39:26 Success.
2024-11-09 14:39:26 Latest version is 1.7.5
2024-11-09 14:39:26 App is up to date.
2024-11-09 15:39:26 Checking for update using Github
2024-11-09 15:39:26 Success.
2024-11-09 15:39:26 Latest version is 1.7.5
2024-11-09 15:39:26 App is up to date.
2024-11-09 16:39:26 Checking for update using Github
2024-11-09 16:39:26 Success.
2024-11-09 16:39:26 Latest version is 1.7.5
2024-11-09 16:39:26 App is up to date.
2024-11-15 14:17:55 Loading updated app package /home/aaronz/.config/obsidian/obsidian-1.7.5.asar
2024-11-15 14:17:55 Checking for update using Github
2024-11-15 14:17:55 Success.
2024-11-15 14:17:55 Latest version is 1.7.6
2024-11-15 14:17:55 Downloading update from https://github.com/obsidianmd/obsidian-releases/releases/download/v1.7.6/obsidian-1.7.6.asar.gz
2024-11-15 14:17:56 Verifying hash & signature. Size= 8000010
2024-11-15 14:17:56 Saving file
2024-11-15 14:17:56 Update complete.
2024-11-15 17:10:34 Loading updated app package /home/aaronz/.config/obsidian/obsidian-1.7.6.asar
2024-11-15 17:10:34 Checking for update using Github
2024-11-15 17:10:34 Success.
2024-11-15 17:10:34 Latest version is 1.7.6
2024-11-15 17:10:34 App is up to date.
2024-11-16 21:00:58 Loading updated app package /home/aaronz/.config/obsidian/obsidian-1.7.6.asar
2024-11-16 21:00:58 Checking for update using Github
2024-11-16 21:00:58 Success.
2024-11-16 21:00:58 Latest version is 1.7.6
2024-11-16 21:00:58 App is up to date.
2024-11-16 22:00:58 Checking for update using Github
2024-11-16 22:00:58 Success.
2024-11-16 22:00:58 Latest version is 1.7.6
2024-11-16 22:00:58 App is up to date.
2024-11-16 23:11:27 Loading updated app package /home/aaronz/.config/obsidian/obsidian-1.7.6.asar
2024-11-16 23:11:28 Checking for update using Github
2024-11-16 23:11:28 Success.
2024-11-16 23:11:28 Latest version is 1.7.6
2024-11-16 23:11:28 App is up to date.
2024-11-17 11:28:08 Loading updated app package /home/aaronz/.config/obsidian/obsidian-1.7.6.asar
2024-11-17 11:28:08 Checking for update using Github
2024-11-17 11:28:09 Success.
2024-11-17 11:28:09 Latest version is 1.7.6
2024-11-17 11:28:09 App is up to date.
2024-11-18 14:08:46 Loading updated app package /home/aaronz/.config/obsidian/obsidian-1.7.6.asar
2024-11-18 14:08:46 Checking for update using Github
2024-11-18 14:08:47 Success.
2024-11-18 14:08:47 Latest version is 1.7.6
2024-11-18 14:08:47 App is up to date.
2024-11-18 15:38:41 Checking for update using Github
2024-11-18 15:38:41 Success.
2024-11-18 15:38:41 Latest version is 1.7.6
2024-11-18 15:38:41 App is up to date.
2024-11-18 16:09:13 Loading updated app package /home/aaronz/.config/obsidian/obsidian-1.7.6.asar
2024-11-18 16:09:14 Checking for update using Github
2024-11-18 16:09:14 Success.
2024-11-18 16:09:14 Latest version is 1.7.7
2024-11-18 16:09:14 Downloading update from https://github.com/obsidianmd/obsidian-releases/releases/download/v1.7.7/obsidian-1.7.7.asar.gz
2024-11-18 16:09:15 Verifying hash & signature. Size= 8000009
2024-11-18 16:09:15 Saving file
2024-11-18 16:09:15 Update complete.
2024-11-19 10:42:00 Loading updated app package /home/aaronz/.config/obsidian/obsidian-1.7.7.asar
2024-11-19 10:42:00 Checking for update using Github
2024-11-19 10:42:00 Success.
2024-11-19 10:42:00 Latest version is 1.7.7
2024-11-19 10:42:00 App is up to date.
2024-11-19 11:15:22 Loading updated app package /home/aaronz/.config/obsidian/obsidian-1.7.7.asar
2024-11-19 11:15:22 Checking for update using Github
2024-11-19 11:15:22 Success.
2024-11-19 11:15:22 Latest version is 1.7.7
2024-11-19 11:15:22 App is up to date.
2024-11-19 11:30:22 Loading updated app package /home/aaronz/.config/obsidian/obsidian-1.7.7.asar
2024-11-19 11:30:23 Checking for update using Github
2024-11-19 11:30:23 Success.
2024-11-19 11:30:23 Latest version is 1.7.7
2024-11-19 11:30:23 App is up to date.
2024-11-19 19:47:11 Loading updated app package /home/aaronz/.config/obsidian/obsidian-1.7.7.asar
2024-11-19 19:47:11 Checking for update using Github
2024-11-19 19:47:12 Success.
2024-11-19 19:47:12 Latest version is 1.7.7
2024-11-19 19:47:12 App is up to date.
2024-11-19 20:47:11 Checking for update using Github
2024-11-19 20:47:12 Success.
2024-11-19 20:47:12 Latest version is 1.7.7
2024-11-19 20:47:12 App is up to date.
2024-11-19 21:47:11 Checking for update using Github
2024-11-19 21:47:11 Success.
2024-11-19 21:47:11 Latest version is 1.7.7
2024-11-19 21:47:11 App is up to date.
2024-11-20 11:34:09 Loading updated app package /home/aaronz/.config/obsidian/obsidian-1.7.7.asar
2024-11-20 11:34:09 Checking for update using Github
2024-11-20 11:34:09 Success.
2024-11-20 11:34:09 Latest version is 1.7.7
2024-11-20 11:34:09 App is up to date.
2024-11-20 11:35:24 Loading updated app package /home/aaronz/.config/obsidian/obsidian-1.7.7.asar
2024-11-20 11:35:24 Checking for update using Github
2024-11-20 11:35:24 Success.
2024-11-20 11:35:24 Latest version is 1.7.7
2024-11-20 11:35:24 App is up to date.
2024-11-20 14:39:57 Loading updated app package /home/aaronz/.config/obsidian/obsidian-1.7.7.asar
2024-11-20 14:39:57 Checking for update using Github
2024-11-20 14:39:57 Success.
2024-11-20 14:39:57 Latest version is 1.7.7
2024-11-20 14:39:57 App is up to date.
2024-11-21 10:52:53 Loading updated app package /home/aaronz/.config/obsidian/obsidian-1.7.7.asar
2024-11-21 10:52:53 Checking for update using Github
2024-11-21 10:52:53 Success.
2024-11-21 10:52:53 Latest version is 1.7.7
2024-11-21 10:52:53 App is up to date.
2024-11-21 16:32:26 Loading updated app package /home/aaronz/.config/obsidian/obsidian-1.7.7.asar
2024-11-21 16:32:26 Checking for update using Github
2024-11-21 16:32:27 Success.
2024-11-21 16:32:27 Latest version is 1.7.7
2024-11-21 16:32:27 App is up to date.
2024-11-21 17:43:08 Loading main app package /usr/lib/obsidian/obsidian.asar
2024-11-21 17:43:08 Checking for update using Github
2024-11-21 17:43:08 Success.
2024-11-21 17:43:08 Latest version is 1.7.7
2024-11-21 17:43:08 App is up to date.
2024-11-21 17:57:51 Loading main app package /usr/lib/obsidian/obsidian.asar
2024-11-21 17:57:52 Checking for update using Github
2024-11-21 17:57:53 Success.
2024-11-21 17:57:53 Latest version is 1.7.7
2024-11-21 17:57:53 App is up to date.
2024-11-21 17:59:11 Loading main app package /usr/lib/obsidian/obsidian.asar
2024-11-21 17:59:11 Checking for update using Github
2024-11-21 17:59:11 Success.
2024-11-21 17:59:11 Latest version is 1.7.7
2024-11-21 17:59:11 App is up to date.
2024-11-21 18:03:54 Loading main app package /usr/lib/obsidian/obsidian.asar
2024-11-21 18:03:54 Checking for update using Github
2024-11-21 18:03:54 Success.
2024-11-21 18:03:54 Latest version is 1.7.7
2024-11-21 18:03:54 App is up to date.
2024-11-21 18:05:22 Loading main app package /usr/lib/obsidian/obsidian.asar
2024-11-21 18:05:22 Checking for update using Github
2024-11-21 19:03:54 Checking for update using Github
2024-11-21 19:03:54 Success.
2024-11-21 19:03:54 Latest version is 1.7.7
2024-11-21 19:03:54 App is up to date.
2024-11-21 20:03:54 Checking for update using Github
2024-11-21 20:03:54 Success.
2024-11-21 20:03:54 Latest version is 1.7.7
2024-11-21 20:03:54 App is up to date.
2024-11-21 21:03:54 Checking for update using Github
2024-11-21 21:03:54 Success.
2024-11-21 21:03:54 Latest version is 1.7.7
2024-11-21 21:03:54 App is up to date.
2024-11-21 22:03:54 Checking for update using Github
2024-11-21 22:03:54 Success.
2024-11-21 22:03:54 Latest version is 1.7.7
2024-11-21 22:03:54 App is up to date.
2024-11-22 15:11:35 Loading main app package /usr/lib/obsidian/obsidian.asar
2024-11-22 15:11:35 Checking for update using Github
2024-11-22 15:11:35 Failed to check for update using Github (net::ERR_INTERNET_DISCONNECTED)
2024-11-22 15:11:35 Checking for update using obsidian.md
2024-11-22 15:11:35 Failed to check for update using obsidian.md (net::ERR_INTERNET_DISCONNECTED)
2024-11-22 16:11:36 Checking for update using Github
2024-11-22 16:11:36 Success.
2024-11-22 16:11:36 Latest version is 1.7.7
2024-11-22 16:11:36 App is up to date.
2024-11-22 16:37:50 Loading main app package /usr/lib/obsidian/obsidian.asar
2024-11-22 16:37:50 Checking for update using Github
2024-11-22 16:37:50 Success.
2024-11-22 16:37:50 Latest version is 1.7.7
2024-11-22 16:37:50 App is up to date.
2024-11-22 16:54:28 Loading main app package /usr/lib/obsidian/obsidian.asar
2024-11-22 16:54:28 Checking for update using Github
2024-11-22 16:54:28 Success.
2024-11-22 16:54:28 Latest version is 1.7.7
2024-11-22 16:54:28 App is up to date.
2024-11-22 16:55:29 Loading main app package /usr/lib/obsidian/obsidian.asar
2024-11-22 16:55:29 Checking for update using Github
2024-11-22 16:55:29 Success.
2024-11-22 16:55:29 Latest version is 1.7.7
2024-11-22 16:55:29 App is up to date.
2024-11-23 11:11:41 Loading main app package /usr/lib/obsidian/obsidian.asar
2024-11-23 11:11:41 Checking for update using Github
2024-11-23 11:11:41 Success.
2024-11-23 11:11:41 Latest version is 1.7.7
2024-11-23 11:11:41 App is up to date.
2024-11-23 12:11:41 Checking for update using Github
2024-11-23 12:11:41 Success.
2024-11-23 12:11:41 Latest version is 1.7.7
2024-11-23 12:11:41 App is up to date.
2024-11-23 13:11:41 Checking for update using Github
2024-11-23 13:11:41 Success.
2024-11-23 13:11:41 Latest version is 1.7.7
2024-11-23 13:11:41 App is up to date.
2024-11-23 14:11:41 Checking for update using Github
2024-11-23 14:11:41 Success.
2024-11-23 14:11:41 Latest version is 1.7.7
2024-11-23 14:11:41 App is up to date.
2024-11-23 15:11:41 Checking for update using Github
2024-11-23 15:11:41 Success.
2024-11-23 15:11:41 Latest version is 1.7.7
2024-11-23 15:11:41 App is up to date.
2024-11-23 16:11:41 Checking for update using Github
2024-11-23 16:11:41 Success.
2024-11-23 16:11:41 Latest version is 1.7.7
2024-11-23 16:11:41 App is up to date.
2024-11-24 10:20:30 Loading main app package /usr/lib/obsidian/obsidian.asar
2024-11-24 10:20:31 Checking for update using Github
2024-11-24 10:20:31 Success.
2024-11-24 10:20:31 Latest version is 1.7.7
2024-11-24 10:20:31 App is up to date.
2024-11-25 15:45:53 Loading main app package /usr/lib/obsidian/obsidian.asar
2024-11-25 15:45:53 Checking for update using Github
2024-11-25 15:45:53 Success.
2024-11-25 15:45:53 Latest version is 1.7.7
2024-11-25 15:45:53 App is up to date.
2024-11-25 16:37:59 Loading main app package /usr/lib/obsidian/obsidian.asar
2024-11-25 16:37:59 Checking for update using Github
2024-11-25 16:45:53 Checking for update using Github
2024-11-25 16:45:53 Success.
2024-11-25 16:45:53 Latest version is 1.7.7
2024-11-25 16:45:53 App is up to date.
2024-11-25 17:45:53 Checking for update using Github
2024-11-25 17:45:53 Success.
2024-11-25 17:45:53 Latest version is 1.7.7
2024-11-25 17:45:53 App is up to date.
2024-11-25 21:30:37 Checking for update using Github
2024-11-25 21:30:37 Success.
2024-11-25 21:30:37 Latest version is 1.7.7
2024-11-25 21:30:37 App is up to date.
2024-11-25 22:30:37 Checking for update using Github
2024-11-25 22:30:38 Success.
2024-11-25 22:30:38 Latest version is 1.7.7
2024-11-25 22:30:38 App is up to date.
2024-11-27 16:56:09 Loading main app package /usr/lib/obsidian/obsidian.asar
2024-11-27 16:56:09 Checking for update using Github
2024-11-27 16:56:09 Success.
2024-11-27 16:56:09 Latest version is 1.7.7
2024-11-27 16:56:09 App is up to date.
2024-11-30 16:12:06 Loading main app package /usr/lib/obsidian/obsidian.asar
2024-11-30 16:12:06 Checking for update using Github
2024-11-30 16:12:06 Success.
2024-11-30 16:12:06 Latest version is 1.7.7
2024-11-30 16:12:06 App is up to date.
2024-11-30 17:12:06 Checking for update using Github
2024-11-30 17:12:07 Success.
2024-11-30 17:12:07 Latest version is 1.7.7
2024-11-30 17:12:07 App is up to date.
2024-11-30 18:58:14 Checking for update using Github
2024-11-30 18:58:14 Success.
2024-11-30 18:58:14 Latest version is 1.7.7
2024-11-30 18:58:14 App is up to date.
2024-11-30 19:58:14 Checking for update using Github
2024-11-30 19:58:14 Success.
2024-11-30 19:58:14 Latest version is 1.7.7
2024-11-30 19:58:14 App is up to date.
2024-11-30 20:58:14 Checking for update using Github
2024-11-30 20:58:15 Success.
2024-11-30 20:58:15 Latest version is 1.7.7
2024-11-30 20:58:15 App is up to date.
2024-11-30 21:58:15 Checking for update using Github
2024-11-30 21:58:15 Success.
2024-11-30 21:58:15 Latest version is 1.7.7
2024-11-30 21:58:15 App is up to date.
2024-12-02 11:50:00 Loading main app package /usr/lib/obsidian/obsidian.asar
2024-12-02 11:50:00 Checking for update using Github
2024-12-02 11:50:05 Success.
2024-12-02 11:50:05 Latest version is 1.7.7
2024-12-02 11:50:05 App is up to date.
2024-12-02 12:50:01 Checking for update using Github
2024-12-02 12:50:02 Success.
2024-12-02 12:50:02 Latest version is 1.7.7
2024-12-02 12:50:02 App is up to date.
2024-12-02 13:50:01 Checking for update using Github
2024-12-02 13:50:01 Success.
2024-12-02 13:50:01 Latest version is 1.7.7
2024-12-02 13:50:01 App is up to date.
2024-12-02 14:50:01 Checking for update using Github
2024-12-02 14:50:01 Success.
2024-12-02 14:50:01 Latest version is 1.7.7
2024-12-02 14:50:01 App is up to date.
2024-12-02 15:50:01 Checking for update using Github
2024-12-02 15:50:01 Success.
2024-12-02 15:50:01 Latest version is 1.7.7
2024-12-02 15:50:01 App is up to date.
2024-12-02 16:50:01 Checking for update using Github
2024-12-02 16:50:01 Success.
2024-12-02 16:50:01 Latest version is 1.7.7
2024-12-02 16:50:01 App is up to date.
2024-12-02 18:12:50 Checking for update using Github
2024-12-02 18:12:50 Success.
2024-12-02 18:12:50 Latest version is 1.7.7
2024-12-02 18:12:50 App is up to date.
2024-12-03 15:47:54 Loading main app package /usr/lib/obsidian/obsidian.asar
2024-12-03 15:47:55 Checking for update using Github
2024-12-03 15:47:55 Success.
2024-12-03 15:47:55 Latest version is 1.7.7
2024-12-03 15:47:55 App is up to date.
2024-12-03 16:47:55 Checking for update using Github
2024-12-03 16:47:55 Success.
2024-12-03 16:47:55 Latest version is 1.7.7
2024-12-03 16:47:55 App is up to date.
2024-12-03 17:47:55 Checking for update using Github
2024-12-03 17:47:55 Success.
2024-12-03 17:47:55 Latest version is 1.7.7
2024-12-03 17:47:55 App is up to date.
2024-12-03 18:47:55 Checking for update using Github
2024-12-03 18:47:55 Success.
2024-12-03 18:47:55 Latest version is 1.7.7
2024-12-03 18:47:55 App is up to date.
2024-12-03 19:47:55 Checking for update using Github
2024-12-03 19:47:55 Success.
2024-12-03 19:47:55 Latest version is 1.7.7
2024-12-03 19:47:55 App is up to date.
2024-12-04 14:14:53 Loading main app package /usr/lib/obsidian/obsidian.asar
2024-12-04 14:14:54 Checking for update using Github
2024-12-04 14:14:54 Success.
2024-12-04 14:14:54 Latest version is 1.7.7
2024-12-04 14:14:54 App is up to date.
2024-12-04 15:48:03 Checking for update using Github
2024-12-04 15:48:03 Success.
2024-12-04 15:48:03 Latest version is 1.7.7
2024-12-04 15:48:03 App is up to date.
2024-12-05 16:05:13 Loading main app package /usr/lib/obsidian/obsidian.asar
2024-12-05 16:05:13 Checking for update using Github
2024-12-05 16:05:13 Success.
2024-12-05 16:05:13 Latest version is 1.7.7
2024-12-05 16:05:13 App is up to date.
2024-12-06 15:42:28 Loading main app package /usr/lib/obsidian/obsidian.asar
2024-12-06 15:42:28 Checking for update using Github
2024-12-06 15:42:29 Success.
2024-12-06 15:42:29 Latest version is 1.7.7
2024-12-06 15:42:29 App is up to date.
2024-12-06 16:42:28 Checking for update using Github
2024-12-06 16:42:28 Success.
2024-12-06 16:42:28 Latest version is 1.7.7
2024-12-06 16:42:28 App is up to date.
2024-12-06 17:42:28 Checking for update using Github
2024-12-06 17:42:29 Success.
2024-12-06 17:42:29 Latest version is 1.7.7
2024-12-06 17:42:29 App is up to date.
2024-12-06 18:42:29 Checking for update using Github
2024-12-06 18:42:29 Success.
2024-12-06 18:42:29 Latest version is 1.7.7
2024-12-06 18:42:29 App is up to date.
2024-12-06 21:27:49 Checking for update using Github
2024-12-06 21:27:49 Success.
2024-12-06 21:27:49 Latest version is 1.7.7
2024-12-06 21:27:49 App is up to date.
2024-12-06 22:27:49 Checking for update using Github
2024-12-06 22:27:49 Success.
2024-12-06 22:27:49 Latest version is 1.7.7
2024-12-06 22:27:49 App is up to date.
2024-12-07 16:08:37 Loading main app package /usr/lib/obsidian/obsidian.asar
2024-12-07 16:08:37 Checking for update using Github
2024-12-07 16:08:38 Success.
2024-12-07 16:08:38 Latest version is 1.7.7
2024-12-07 16:08:38 App is up to date.
2024-12-07 18:22:59 Checking for update using Github
2024-12-07 18:22:59 Success.
2024-12-07 18:22:59 Latest version is 1.7.7
2024-12-07 18:22:59 App is up to date.
2024-12-07 19:22:59 Checking for update using Github
2024-12-07 19:22:59 Success.
2024-12-07 19:22:59 Latest version is 1.7.7
2024-12-07 19:22:59 App is up to date.
2024-12-07 20:22:59 Checking for update using Github
2024-12-07 20:23:00 Success.
2024-12-07 20:23:00 Latest version is 1.7.7
2024-12-07 20:23:00 App is up to date.
2024-12-07 21:23:00 Checking for update using Github
2024-12-07 21:23:00 Success.
2024-12-07 21:23:00 Latest version is 1.7.7
2024-12-07 21:23:00 App is up to date.
2024-12-07 22:23:00 Checking for update using Github
2024-12-07 22:23:00 Success.
2024-12-07 22:23:00 Latest version is 1.7.7
2024-12-07 22:23:00 App is up to date.
2024-12-07 23:23:00 Checking for update using Github
2024-12-07 23:23:00 Success.
2024-12-07 23:23:00 Latest version is 1.7.7
2024-12-07 23:23:00 App is up to date.
2024-12-08 13:35:39 Loading main app package /usr/lib/obsidian/obsidian.asar
2024-12-08 13:35:39 Checking for update using Github
2024-12-08 13:35:40 Success.
2024-12-08 13:35:40 Latest version is 1.7.7
2024-12-08 13:35:40 App is up to date.
2024-12-08 14:35:39 Checking for update using Github
2024-12-08 14:35:39 Success.
2024-12-08 14:35:39 Latest version is 1.7.7
2024-12-08 14:35:39 App is up to date.
2024-12-08 15:35:40 Checking for update using Github
2024-12-08 15:35:40 Success.
2024-12-08 15:35:40 Latest version is 1.7.7
2024-12-08 15:35:40 App is up to date.
2024-12-08 16:35:40 Checking for update using Github
2024-12-08 16:35:40 Success.
2024-12-08 16:35:40 Latest version is 1.7.7
2024-12-08 16:35:40 App is up to date.
2024-12-09 13:53:48 Loading main app package /usr/lib/obsidian/obsidian.asar
2024-12-09 13:53:48 Checking for update using Github
2024-12-09 13:53:49 Success.
2024-12-09 13:53:49 Latest version is 1.7.7
2024-12-09 13:53:49 App is up to date.
2024-12-09 16:50:09 Loading main app package /usr/lib/obsidian/obsidian.asar
2024-12-09 16:50:09 Checking for update using Github
2024-12-09 16:50:09 Success.
2024-12-09 16:50:09 Latest version is 1.7.7
2024-12-09 16:50:09 App is up to date.
2024-12-10 15:56:40 Loading main app package /usr/lib/obsidian/obsidian.asar
2024-12-10 15:56:41 Checking for update using Github
2024-12-10 15:56:41 Success.
2024-12-10 15:56:41 Latest version is 1.7.7
2024-12-10 15:56:41 App is up to date.
2024-12-10 16:56:40 Checking for update using Github
2024-12-10 16:56:41 Success.
2024-12-10 16:56:41 Latest version is 1.7.7
2024-12-10 16:56:41 App is up to date.
2024-12-10 18:09:21 Checking for update using Github
2024-12-10 18:09:21 Success.
2024-12-10 18:09:21 Latest version is 1.7.7
2024-12-10 18:09:21 App is up to date.
2024-12-10 19:09:22 Checking for update using Github
2024-12-10 19:09:22 Success.
2024-12-10 19:09:22 Latest version is 1.7.7
2024-12-10 19:09:22 App is up to date.
2024-12-10 20:09:22 Checking for update using Github
2024-12-10 20:09:22 Success.
2024-12-10 20:09:22 Latest version is 1.7.7
2024-12-10 20:09:22 App is up to date.
2024-12-10 21:09:22 Checking for update using Github
2024-12-10 21:09:22 Success.
2024-12-10 21:09:22 Latest version is 1.7.7
2024-12-10 21:09:22 App is up to date.
2024-12-10 22:09:22 Checking for update using Github
2024-12-10 22:09:22 Success.
2024-12-10 22:09:22 Latest version is 1.7.7
2024-12-10 22:09:22 App is up to date.
2024-12-11 15:41:42 Loading main app package /usr/lib/obsidian/obsidian.asar
2024-12-11 15:41:43 Checking for update using Github
2024-12-11 15:41:43 Success.
2024-12-11 15:41:43 Latest version is 1.7.7
2024-12-11 15:41:43 App is up to date.
2024-12-11 16:41:42 Checking for update using Github
2024-12-11 16:41:43 Success.
2024-12-11 16:41:43 Latest version is 1.7.7
2024-12-11 16:41:43 App is up to date.
2024-12-12 10:44:26 Loading main app package /usr/lib/obsidian/obsidian.asar
2024-12-12 10:44:26 Checking for update using Github
2024-12-12 10:44:26 Success.
2024-12-12 10:44:26 Latest version is 1.7.7
2024-12-12 10:44:26 App is up to date.
2024-12-12 11:44:26 Checking for update using Github
2024-12-12 11:44:26 Success.
2024-12-12 11:44:26 Latest version is 1.7.7
2024-12-12 11:44:26 App is up to date.
2024-12-12 12:44:26 Checking for update using Github
2024-12-12 12:44:26 Success.
2024-12-12 12:44:26 Latest version is 1.7.7
2024-12-12 12:44:26 App is up to date.
2024-12-12 14:18:06 Loading main app package /usr/lib/obsidian/obsidian.asar
2024-12-12 14:18:06 Checking for update using Github
2024-12-12 14:18:07 Success.
2024-12-12 14:18:07 Latest version is 1.7.7
2024-12-12 14:18:07 App is up to date.
2024-12-12 15:18:06 Checking for update using Github
2024-12-12 15:18:06 Success.
2024-12-12 15:18:06 Latest version is 1.7.7
2024-12-12 15:18:06 App is up to date.
2024-12-12 15:43:32 Loading main app package /usr/lib/obsidian/obsidian.asar
2024-12-12 15:43:33 Checking for update using Github
2024-12-12 15:43:33 Success.
2024-12-12 15:43:33 Latest version is 1.7.7
2024-12-12 15:43:33 App is up to date.
2024-12-12 15:50:12 Loading main app package /usr/lib/obsidian/obsidian.asar
2024-12-12 15:50:13 Checking for update using Github
2024-12-12 15:50:13 Success.
2024-12-12 15:50:13 Latest version is 1.7.7
2024-12-12 15:50:13 App is up to date.
2024-12-12 15:53:12 Loading main app package /usr/lib/obsidian/obsidian.asar
2024-12-12 15:53:12 Checking for update using Github
2024-12-12 15:53:13 Success.
2024-12-12 15:53:13 Latest version is 1.7.7
2024-12-12 15:53:13 App is up to date.
2024-12-12 16:00:42 Loading main app package /usr/lib/obsidian/obsidian.asar
2024-12-12 16:00:42 Checking for update using Github
2024-12-12 16:00:42 Success.
2024-12-12 16:00:42 Latest version is 1.7.7
2024-12-12 16:00:42 App is up to date.
2024-12-12 16:05:42 Loading main app package /usr/lib/obsidian/obsidian.asar
2024-12-12 16:05:42 Checking for update using Github
2024-12-12 16:05:42 Success.
2024-12-12 16:05:42 Latest version is 1.7.7
2024-12-12 16:05:42 App is up to date.
2024-12-12 16:46:35 Loading main app package /usr/lib/obsidian/obsidian.asar
2024-12-12 16:46:35 Checking for update using Github
2024-12-12 16:46:35 Success.
2024-12-12 16:46:35 Latest version is 1.7.7
2024-12-12 16:46:35 App is up to date.
2024-12-13 12:05:49 Loading main app package /usr/lib/obsidian/obsidian.asar
2024-12-13 12:05:49 Checking for update using Github
2024-12-13 12:05:49 Success.
2024-12-13 12:05:49 Latest version is 1.7.7
2024-12-13 12:05:49 App is up to date.
2024-12-13 12:34:04 Loading main app package /usr/lib/obsidian/obsidian.asar
2024-12-13 12:34:05 Checking for update using Github
2024-12-13 12:34:05 Success.
2024-12-13 12:34:05 Latest version is 1.7.7
2024-12-13 12:34:05 App is up to date.
2024-12-13 13:34:04 Checking for update using Github
2024-12-13 13:34:05 Success.
2024-12-13 13:34:05 Latest version is 1.7.7
2024-12-13 13:34:05 App is up to date.
2024-12-13 14:17:17 Loading main app package /usr/lib/obsidian/obsidian.asar
2024-12-13 14:17:17 Checking for update using Github
2024-12-13 14:27:19 Loading main app package /usr/lib/obsidian/obsidian.asar
2024-12-13 14:27:19 Checking for update using Github
2024-12-13 14:27:19 Success.
2024-12-13 14:27:19 Latest version is 1.7.7
2024-12-13 14:27:19 App is up to date.
2024-12-13 15:39:24 Loading main app package /usr/lib/obsidian/obsidian.asar
2024-12-13 15:39:24 Checking for update using Github
2024-12-13 15:39:24 Success.
2024-12-13 15:39:24 Latest version is 1.7.7
2024-12-13 15:39:24 App is up to date.
2024-12-13 16:39:25 Checking for update using Github
2024-12-13 16:39:25 Success.
2024-12-13 16:39:25 Latest version is 1.7.7
2024-12-13 16:39:25 App is up to date.
2024-12-14 11:46:05 Loading main app package /usr/lib/obsidian/obsidian.asar
2024-12-14 11:46:05 Checking for update using Github
2024-12-14 11:46:06 Success.
2024-12-14 11:46:06 Latest version is 1.7.7
2024-12-14 11:46:06 App is up to date.
2024-12-14 14:52:06 Loading main app package /usr/lib/obsidian/obsidian.asar
2024-12-14 14:52:06 Checking for update using Github
2024-12-14 14:52:06 Success.
2024-12-14 14:52:06 Latest version is 1.7.7
2024-12-14 14:52:06 App is up to date.
2024-12-14 16:11:14 Checking for update using Github
2024-12-14 16:11:14 Success.
2024-12-14 16:11:14 Latest version is 1.7.7
2024-12-14 16:11:14 App is up to date.
2024-12-14 17:11:14 Checking for update using Github
2024-12-14 17:11:14 Success.
2024-12-14 17:11:14 Latest version is 1.7.7
2024-12-14 17:11:14 App is up to date.
2024-12-14 19:10:12 Checking for update using Github
2024-12-14 19:10:13 Success.
2024-12-14 19:10:13 Latest version is 1.7.7
2024-12-14 19:10:13 App is up to date.
2024-12-14 20:10:13 Checking for update using Github
2024-12-14 20:10:13 Success.
2024-12-14 20:10:13 Latest version is 1.7.7
2024-12-14 20:10:13 App is up to date.
2024-12-14 21:10:13 Checking for update using Github
2024-12-14 21:10:13 Success.
2024-12-14 21:10:13 Latest version is 1.7.7
2024-12-14 21:10:13 App is up to date.
2024-12-14 22:10:13 Checking for update using Github
2024-12-14 22:10:13 Success.
2024-12-14 22:10:13 Latest version is 1.7.7
2024-12-14 22:10:13 App is up to date.
2024-12-15 11:43:16 Loading main app package /usr/lib/obsidian/obsidian.asar
2024-12-15 11:43:16 Checking for update using Github
2024-12-15 11:43:16 Success.
2024-12-15 11:43:16 Latest version is 1.7.7
2024-12-15 11:43:16 App is up to date.
2024-12-15 12:55:46 Checking for update using Github
2024-12-15 12:55:46 Success.
2024-12-15 12:55:46 Latest version is 1.7.7
2024-12-15 12:55:46 App is up to date.
2024-12-15 13:55:46 Checking for update using Github
2024-12-15 13:55:46 Success.
2024-12-15 13:55:46 Latest version is 1.7.7
2024-12-15 13:55:46 App is up to date.
2024-12-15 15:12:18 Checking for update using Github
2024-12-15 15:12:18 Success.
2024-12-15 15:12:18 Latest version is 1.7.7
2024-12-15 15:12:18 App is up to date.
2024-12-15 15:54:40 Loading main app package /usr/lib/obsidian/obsidian.asar
2024-12-15 15:54:40 Checking for update using Github
2024-12-15 15:54:40 Success.
2024-12-15 15:54:40 Latest version is 1.7.7
2024-12-15 15:54:40 App is up to date.
2024-12-15 17:03:35 Checking for update using Github
2024-12-15 17:03:35 Success.
2024-12-15 17:03:35 Latest version is 1.7.7
2024-12-15 17:03:35 App is up to date.
2024-12-16 10:18:08 Loading main app package /usr/lib/obsidian/obsidian.asar
2024-12-16 10:18:08 Checking for update using Github
2024-12-16 10:18:08 Success.
2024-12-16 10:18:08 Latest version is 1.7.7
2024-12-16 10:18:08 App is up to date.
2024-12-16 10:18:23 Loading main app package /usr/lib/obsidian/obsidian.asar
2024-12-16 10:18:23 Checking for update using Github
2024-12-16 10:18:23 Success.
2024-12-16 10:18:23 Latest version is 1.7.7
2024-12-16 10:18:23 App is up to date.
2024-12-16 11:18:23 Checking for update using Github
2024-12-16 11:18:23 Success.
2024-12-16 11:18:23 Latest version is 1.7.7
2024-12-16 11:18:23 App is up to date.
2024-12-16 12:18:23 Checking for update using Github
2024-12-16 12:18:23 Success.
2024-12-16 12:18:23 Latest version is 1.7.7
2024-12-16 12:18:23 App is up to date.
2024-12-24 07:21:05 Loading main app package /usr/lib/obsidian/obsidian.asar
2024-12-24 07:21:06 Checking for update using Github
2024-12-24 07:21:06 Success.
2024-12-24 07:21:06 Latest version is 1.7.7
2024-12-24 07:21:06 App is up to date.
2024-12-25 05:52:34 Loading main app package /usr/lib/obsidian/obsidian.asar
2024-12-25 05:52:34 Checking for update using Github
2024-12-25 05:52:34 Failed to check for update using Github (net::ERR_INTERNET_DISCONNECTED)
2024-12-25 05:52:34 Checking for update using obsidian.md
2024-12-25 05:52:34 Failed to check for update using obsidian.md (net::ERR_INTERNET_DISCONNECTED)
2024-12-25 08:42:26 Loading main app package /usr/lib/obsidian/obsidian.asar
2024-12-25 08:42:26 Checking for update using Github
2024-12-25 08:42:28 Success.
2024-12-25 08:42:28 Latest version is 1.7.7
2024-12-25 08:42:28 App is up to date.
2024-12-26 05:22:26 Loading main app package /usr/lib/obsidian/obsidian.asar
2024-12-26 05:22:27 Checking for update using Github
2024-12-26 05:22:27 Success.
2024-12-26 05:22:27 Latest version is 1.7.7
2024-12-26 05:22:27 App is up to date.
2024-12-26 07:43:48 Checking for update using Github
2024-12-26 07:43:49 Success.
2024-12-26 07:43:49 Latest version is 1.7.7
2024-12-26 07:43:49 App is up to date.
2024-12-26 09:32:12 Checking for update using Github
2024-12-26 09:32:12 Success.
2024-12-26 09:32:12 Latest version is 1.7.7
2024-12-26 09:32:12 App is up to date.
2024-12-27 04:25:54 Loading main app package /usr/lib/obsidian/obsidian.asar
2024-12-27 04:25:54 Checking for update using Github
2024-12-27 04:25:55 Success.
2024-12-27 04:25:55 Latest version is 1.7.7
2024-12-27 04:25:55 App is up to date.
2024-12-27 07:12:18 Checking for update using Github
2024-12-27 07:12:18 Success.
2024-12-27 07:12:18 Latest version is 1.7.7
2024-12-27 07:12:18 App is up to date.
2024-12-27 08:28:21 Checking for update using Github
2024-12-27 08:28:27 Success.
2024-12-27 08:28:27 Latest version is 1.7.7
2024-12-27 08:28:27 App is up to date.
2024-12-29 05:44:40 Loading main app package /usr/lib/obsidian/obsidian.asar
2024-12-29 05:44:40 Checking for update using Github
2024-12-29 05:44:42 Success.
2024-12-29 05:44:42 Latest version is 1.7.7
2024-12-29 05:44:42 App is up to date.
2024-12-29 06:44:41 Checking for update using Github
2024-12-29 06:44:41 Success.
2024-12-29 06:44:41 Latest version is 1.7.7
2024-12-29 06:44:41 App is up to date.
2024-12-29 09:12:38 Loading main app package /usr/lib/obsidian/obsidian.asar
2024-12-29 09:12:39 Checking for update using Github
2024-12-29 09:12:39 Success.
2024-12-29 09:12:39 Latest version is 1.7.7
2024-12-29 09:12:39 App is up to date.
2024-12-30 10:17:24 Loading main app package /usr/lib/obsidian/obsidian.asar
2024-12-30 10:17:24 Checking for update using Github
2024-12-30 10:17:25 Success.
2024-12-30 10:17:25 Latest version is 1.7.7
2024-12-30 10:17:25 App is up to date.
2024-12-30 11:37:34 Checking for update using Github
2024-12-30 11:37:34 Success.
2024-12-30 11:37:34 Latest version is 1.7.7
2024-12-30 11:37:34 App is up to date.
2024-12-31 05:25:11 Loading main app package /usr/lib/obsidian/obsidian.asar
2024-12-31 05:25:11 Checking for update using Github
2024-12-31 05:25:12 Success.
2024-12-31 05:25:12 Latest version is 1.7.7
2024-12-31 05:25:12 App is up to date.
2025-01-07 05:37:25 Loading main app package /usr/lib/obsidian/obsidian.asar
2025-01-07 05:37:26 Checking for update using Github
2025-01-07 05:37:26 Success.
2025-01-07 05:37:26 Latest version is 1.7.7
2025-01-07 05:37:26 App is up to date.
2025-01-07 05:40:11 Loading main app package /usr/lib/obsidian/obsidian.asar
2025-01-07 05:40:11 Checking for update using Github
2025-01-07 06:37:25 Checking for update using Github
2025-01-07 06:37:26 Success.
2025-01-07 06:37:26 Latest version is 1.7.7
2025-01-07 06:37:26 App is up to date.
2025-01-07 07:37:26 Checking for update using Github
2025-01-07 07:37:26 Success.
2025-01-07 07:37:26 Latest version is 1.7.7
2025-01-07 07:37:26 App is up to date.
2025-01-07 08:37:26 Checking for update using Github
2025-01-07 08:37:26 Success.
2025-01-07 08:37:26 Latest version is 1.7.7
2025-01-07 08:37:26 App is up to date.
2025-01-07 08:55:48 Loading main app package /usr/lib/obsidian/obsidian.asar
2025-01-07 08:55:48 Checking for update using Github
2025-01-07 08:55:48 Success.
2025-01-07 08:55:48 Latest version is 1.7.7
2025-01-07 08:55:48 App is up to date.
2025-01-07 10:24:43 Checking for update using Github
2025-01-07 10:24:43 Success.
2025-01-07 10:24:43 Latest version is 1.7.7
2025-01-07 10:24:43 App is up to date.
2025-01-07 11:24:43 Checking for update using Github
2025-01-07 11:24:43 Success.
2025-01-07 11:24:43 Latest version is 1.7.7
2025-01-07 11:24:43 App is up to date.
2025-01-08 04:20:08 Loading main app package /usr/lib/obsidian/obsidian.asar
2025-01-08 04:20:09 Checking for update using Github
2025-01-08 04:20:09 Success.
2025-01-08 04:20:09 Latest version is 1.7.7
2025-01-08 04:20:09 App is up to date.
2025-01-09 08:35:57 Loading main app package /usr/lib/obsidian/obsidian.asar
2025-01-09 08:35:57 Checking for update using Github
2025-01-09 08:35:58 Success.
2025-01-09 08:35:58 Latest version is 1.7.7
2025-01-09 08:35:58 App is up to date.
2025-01-11 17:45:56 Loading main app package /usr/lib/obsidian/obsidian.asar
2025-01-11 17:45:56 Checking for update using Github
2025-01-11 17:45:56 Success.
2025-01-11 17:45:56 Latest version is 1.7.7
2025-01-11 17:45:56 App is up to date.
2025-01-13 13:35:06 Loading main app package /usr/lib/obsidian/obsidian.asar
2025-01-13 13:35:06 Checking for update using Github
2025-01-13 13:35:07 Success.
2025-01-13 13:35:07 Latest version is 1.7.7
2025-01-13 13:35:07 App is up to date.
2025-01-13 20:44:05 Loading main app package /usr/lib/obsidian/obsidian.asar
2025-01-13 20:44:05 Checking for update using Github
2025-01-13 20:44:05 Success.
2025-01-13 20:44:05 Latest version is 1.7.7
2025-01-13 20:44:05 App is up to date.
2025-01-15 09:10:59 Loading main app package /usr/lib/obsidian/obsidian.asar
2025-01-15 09:11:00 Checking for update using Github
2025-01-15 09:11:00 Success.
2025-01-15 09:11:00 Latest version is 1.7.7
2025-01-15 09:11:00 App is up to date.
2025-01-19 12:07:55 Loading main app package /usr/lib/obsidian/obsidian.asar
2025-01-19 12:07:55 Checking for update using Github
2025-01-19 12:07:55 Success.
2025-01-19 12:07:55 Latest version is 1.7.7
2025-01-19 12:07:55 App is up to date.
2025-01-19 13:07:55 Checking for update using Github
2025-01-19 13:07:55 Success.
2025-01-19 13:07:55 Latest version is 1.7.7
2025-01-19 13:07:55 App is up to date.
2025-01-19 14:07:55 Checking for update using Github
2025-01-19 14:07:55 Success.
2025-01-19 14:07:55 Latest version is 1.7.7
2025-01-19 14:07:55 App is up to date.
2025-01-19 15:07:55 Checking for update using Github
2025-01-19 15:07:55 Success.
2025-01-19 15:07:55 Latest version is 1.7.7
2025-01-19 15:07:55 App is up to date.
2025-01-19 15:20:30 Loading main app package /usr/lib/obsidian/obsidian.asar
2025-01-19 15:20:30 Checking for update using Github
2025-01-19 15:33:31 Loading main app package /usr/lib/obsidian/obsidian.asar
2025-01-19 15:33:31 Checking for update using Github
2025-01-19 15:33:31 Success.
2025-01-19 15:33:31 Latest version is 1.7.7
2025-01-19 15:33:31 App is up to date.
2025-01-19 16:33:31 Checking for update using Github
2025-01-19 16:33:31 Success.
2025-01-19 16:33:31 Latest version is 1.7.7
2025-01-19 16:33:31 App is up to date.
2025-01-20 10:44:30 Loading main app package /usr/lib/obsidian/obsidian.asar
2025-01-20 10:44:31 Checking for update using Github
2025-01-20 10:44:31 Success.
2025-01-20 10:44:31 Latest version is 1.7.7
2025-01-20 10:44:31 App is up to date.
2025-01-20 10:57:40 Loading main app package /usr/lib/obsidian/obsidian.asar
2025-01-20 10:57:40 Checking for update using Github
2025-01-20 10:57:40 Success.
2025-01-20 10:57:40 Latest version is 1.7.7
2025-01-20 10:57:40 App is up to date.
2025-01-20 11:38:57 Loading main app package /usr/lib/obsidian/obsidian.asar
2025-01-20 11:38:57 Checking for update using Github
2025-01-20 11:38:57 Success.
2025-01-20 11:38:57 Latest version is 1.7.7
2025-01-20 11:38:57 App is up to date.
2025-01-20 11:45:41 Loading main app package /usr/lib/obsidian/obsidian.asar
2025-01-20 11:45:41 Checking for update using Github
2025-01-20 11:45:41 Success.
2025-01-20 11:45:41 Latest version is 1.7.7
2025-01-20 11:45:41 App is up to date.
2025-01-20 11:49:48 Loading main app package /usr/lib/obsidian/obsidian.asar
2025-01-20 11:49:49 Checking for update using Github
2025-01-20 11:49:49 Success.
2025-01-20 11:49:49 Latest version is 1.7.7
2025-01-20 11:49:49 App is up to date.
2025-01-20 15:32:18 Loading main app package /usr/lib/obsidian/obsidian.asar
2025-01-20 15:32:18 Checking for update using Github
2025-01-20 15:32:18 Success.
2025-01-20 15:32:18 Latest version is 1.7.7
2025-01-20 15:32:18 App is up to date.
2025-01-20 16:46:44 Checking for update using Github
2025-01-20 16:46:44 Success.
2025-01-20 16:46:44 Latest version is 1.7.7
2025-01-20 16:46:44 App is up to date.
2025-01-20 17:52:13 Checking for update using Github
2025-01-20 17:52:13 Success.
2025-01-20 17:52:13 Latest version is 1.7.7
2025-01-20 17:52:13 App is up to date.
2025-01-20 21:07:14 Checking for update using Github
2025-01-20 21:07:14 Success.
2025-01-20 21:07:14 Latest version is 1.7.7
2025-01-20 21:07:14 App is up to date.
2025-01-21 10:15:25 Loading main app package /usr/lib/obsidian/obsidian.asar
2025-01-21 10:15:26 Checking for update using Github
2025-01-21 10:15:31 Success.
2025-01-21 10:15:31 Latest version is 1.7.7
2025-01-21 10:15:31 App is up to date.
2025-01-21 10:16:18 Loading main app package /usr/lib/obsidian/obsidian.asar
2025-01-21 10:16:18 Checking for update using Github
2025-01-21 10:16:18 Success.
2025-01-21 10:16:18 Latest version is 1.7.7
2025-01-21 10:16:18 App is up to date.
2025-01-21 10:41:14 Loading main app package /usr/lib/obsidian/obsidian.asar
2025-01-21 10:41:14 Checking for update using Github
2025-01-21 10:41:14 Success.
2025-01-21 10:41:14 Latest version is 1.7.7
2025-01-21 10:41:14 App is up to date.
2025-01-21 15:47:48 Loading main app package /usr/lib/obsidian/obsidian.asar
2025-01-21 15:47:48 Checking for update using Github
2025-01-21 15:47:48 Success.
2025-01-21 15:47:48 Latest version is 1.7.7
2025-01-21 15:47:48 App is up to date.
2025-01-21 16:47:48 Checking for update using Github
2025-01-21 16:47:48 Success.
2025-01-21 16:47:48 Latest version is 1.7.7
2025-01-21 16:47:48 App is up to date.
2025-01-21 18:21:48 Checking for update using Github
2025-01-21 18:21:48 Success.
2025-01-21 18:21:48 Latest version is 1.7.7
2025-01-21 18:21:48 App is up to date.
2025-01-21 19:21:48 Checking for update using Github
2025-01-21 19:21:48 Success.
2025-01-21 19:21:48 Latest version is 1.7.7
2025-01-21 19:21:48 App is up to date.
2025-01-21 20:21:48 Checking for update using Github
2025-01-21 20:21:48 Success.
2025-01-21 20:21:48 Latest version is 1.7.7
2025-01-21 20:21:48 App is up to date.
2025-01-21 21:21:48 Checking for update using Github
2025-01-21 21:21:49 Success.
2025-01-21 21:21:49 Latest version is 1.7.7
2025-01-21 21:21:49 App is up to date.
2025-01-22 14:20:01 Loading main app package /usr/lib/obsidian/obsidian.asar
2025-01-22 14:20:02 Checking for update using Github
2025-01-22 14:20:02 Success.
2025-01-22 14:20:02 Latest version is 1.7.7
2025-01-22 14:20:02 App is up to date.
2025-01-23 11:01:14 Loading main app package /usr/lib/obsidian/obsidian.asar
2025-01-23 11:01:15 Checking for update using Github
2025-01-23 11:01:15 Success.
2025-01-23 11:01:15 Latest version is 1.7.7
2025-01-23 11:01:15 App is up to date.
2025-01-23 16:38:36 Loading main app package /usr/lib/obsidian/obsidian.asar
2025-01-23 16:38:36 Checking for update using Github
2025-01-23 16:38:36 Success.
2025-01-23 16:38:36 Latest version is 1.7.7
2025-01-23 16:38:36 App is up to date.
2025-01-23 16:45:13 Loading main app package /usr/lib/obsidian/obsidian.asar
2025-01-23 16:45:13 Checking for update using Github
2025-01-23 16:45:13 Success.
2025-01-23 16:45:13 Latest version is 1.7.7
2025-01-23 16:45:13 App is up to date.
2025-01-23 17:45:13 Checking for update using Github
2025-01-23 17:45:13 Success.
2025-01-23 17:45:13 Latest version is 1.7.7
2025-01-23 17:45:13 App is up to date.
2025-01-23 18:45:13 Checking for update using Github
2025-01-23 18:45:13 Success.
2025-01-23 18:45:13 Latest version is 1.7.7
2025-01-23 18:45:13 App is up to date.
2025-01-23 19:45:13 Checking for update using Github
2025-01-23 19:45:14 Success.
2025-01-23 19:45:14 Latest version is 1.7.7
2025-01-23 19:45:14 App is up to date.
2025-01-23 20:45:14 Checking for update using Github
2025-01-23 20:45:14 Success.
2025-01-23 20:45:14 Latest version is 1.7.7
2025-01-23 20:45:14 App is up to date.
2025-01-23 21:45:14 Checking for update using Github
2025-01-23 21:45:19 Success.
2025-01-23 21:45:19 Latest version is 1.7.7
2025-01-23 21:45:19 App is up to date.
2025-01-24 11:18:46 Loading main app package /usr/lib/obsidian/obsidian.asar
2025-01-24 11:18:46 Checking for update using Github
2025-01-24 11:18:46 Success.
2025-01-24 11:18:46 Latest version is 1.7.7
2025-01-24 11:18:46 App is up to date.
2025-01-24 12:18:46 Checking for update using Github
2025-01-24 12:18:47 Success.
2025-01-24 12:18:47 Latest version is 1.7.7
2025-01-24 12:18:47 App is up to date.
2025-01-24 13:20:58 Checking for update using Github
2025-01-24 13:20:59 Success.
2025-01-24 13:20:59 Latest version is 1.7.7
2025-01-24 13:20:59 App is up to date.
2025-01-24 14:20:58 Checking for update using Github
2025-01-24 14:20:58 Success.
2025-01-24 14:20:58 Latest version is 1.7.7
2025-01-24 14:20:58 App is up to date.
2025-01-24 16:12:28 Checking for update using Github
2025-01-24 16:12:29 Success.
2025-01-24 16:12:29 Latest version is 1.7.7
2025-01-24 16:12:29 App is up to date.
2025-01-27 10:43:48 Loading main app package /usr/lib/obsidian/obsidian.asar
2025-01-27 10:43:48 Checking for update using Github
2025-01-27 10:43:48 Success.
2025-01-27 10:43:48 Latest version is 1.7.7
2025-01-27 10:43:48 App is up to date.
2025-01-27 15:29:19 Loading main app package /usr/lib/obsidian/obsidian.asar
2025-01-27 15:29:19 Checking for update using Github
2025-01-27 15:29:19 Success.
2025-01-27 15:29:19 Latest version is 1.7.7
2025-01-27 15:29:19 App is up to date.
2025-01-27 16:29:19 Checking for update using Github
2025-01-27 16:29:19 Success.
2025-01-27 16:29:19 Latest version is 1.7.7
2025-01-27 16:29:19 App is up to date.
2025-01-27 16:52:38 Loading main app package /usr/lib/obsidian/obsidian.asar
2025-01-27 16:52:38 Checking for update using Github
2025-01-27 16:52:38 Success.
2025-01-27 16:52:38 Latest version is 1.7.7
2025-01-27 16:52:38 App is up to date.
2025-01-27 18:40:43 Checking for update using Github
2025-01-27 18:40:43 Success.
2025-01-27 18:40:43 Latest version is 1.7.7
2025-01-27 18:40:43 App is up to date.
2025-01-27 19:40:43 Checking for update using Github
2025-01-27 19:40:43 Success.
2025-01-27 19:40:43 Latest version is 1.7.7
2025-01-27 19:40:43 App is up to date.
2025-01-27 20:40:43 Checking for update using Github
2025-01-27 20:40:43 Success.
2025-01-27 20:40:43 Latest version is 1.7.7
2025-01-27 20:40:43 App is up to date.
2025-01-28 10:10:47 Loading main app package /usr/lib/obsidian/obsidian.asar
2025-01-28 10:10:47 Checking for update using Github
2025-01-28 10:10:47 Success.
2025-01-28 10:10:47 Latest version is 1.7.7
2025-01-28 10:10:47 App is up to date.
2025-01-28 11:10:47 Checking for update using Github
2025-01-28 11:10:47 Success.
2025-01-28 11:10:47 Latest version is 1.7.7
2025-01-28 11:10:47 App is up to date.
2025-01-28 16:29:10 Loading main app package /usr/lib/obsidian/obsidian.asar
2025-01-28 16:29:10 Checking for update using Github
2025-01-28 16:29:11 Success.
2025-01-28 16:29:11 Latest version is 1.7.7
2025-01-28 16:29:11 App is up to date.
2025-01-28 17:29:10 Checking for update using Github
2025-01-28 17:29:10 Success.
2025-01-28 17:29:10 Latest version is 1.7.7
2025-01-28 17:29:10 App is up to date.
2025-01-28 18:29:10 Checking for update using Github
2025-01-28 18:29:10 Success.
2025-01-28 18:29:10 Latest version is 1.7.7
2025-01-28 18:29:10 App is up to date.
2025-01-28 19:29:10 Checking for update using Github
2025-01-28 19:29:10 Success.
2025-01-28 19:29:10 Latest version is 1.7.7
2025-01-28 19:29:10 App is up to date.
2025-01-28 20:29:10 Checking for update using Github
2025-01-28 20:29:11 Success.
2025-01-28 20:29:11 Latest version is 1.7.7
2025-01-28 20:29:11 App is up to date.
2025-01-29 14:31:09 Loading main app package /usr/lib/obsidian/obsidian.asar
2025-01-29 14:31:09 Checking for update using Github
2025-01-29 14:31:09 Success.
2025-01-29 14:31:09 Latest version is 1.7.7
2025-01-29 14:31:09 App is up to date.
2025-01-29 15:31:09 Checking for update using Github
2025-01-29 15:31:09 Success.
2025-01-29 15:31:09 Latest version is 1.7.7
2025-01-29 15:31:09 App is up to date.
2025-01-29 15:45:37 Loading main app package /usr/lib/obsidian/obsidian.asar
2025-01-29 15:45:38 Checking for update using Github
2025-01-29 15:45:43 Success.
2025-01-29 15:45:43 Latest version is 1.7.7
2025-01-29 15:45:43 App is up to date.
2025-01-29 16:45:38 Checking for update using Github
2025-01-29 16:45:38 Success.
2025-01-29 16:45:38 Latest version is 1.7.7
2025-01-29 16:45:38 App is up to date.
2025-01-29 17:45:38 Checking for update using Github
2025-01-29 17:45:38 Success.
2025-01-29 17:45:38 Latest version is 1.7.7
2025-01-29 17:45:38 App is up to date.
2025-01-29 18:45:38 Checking for update using Github
2025-01-29 18:45:38 Success.
2025-01-29 18:45:38 Latest version is 1.7.7
2025-01-29 18:45:38 App is up to date.
2025-01-29 19:45:38 Checking for update using Github
2025-01-29 19:45:39 Success.
2025-01-29 19:45:39 Latest version is 1.7.7
2025-01-29 19:45:39 App is up to date.
2025-01-29 20:45:38 Checking for update using Github
2025-01-29 20:45:38 Success.
2025-01-29 20:45:38 Latest version is 1.7.7
2025-01-29 20:45:38 App is up to date.
2025-01-29 22:19:30 Checking for update using Github
2025-01-29 22:19:31 Success.
2025-01-29 22:19:31 Latest version is 1.7.7
2025-01-29 22:19:31 App is up to date.
2025-01-30 16:14:37 Loading main app package /usr/lib/obsidian/obsidian.asar
2025-01-30 16:14:37 Checking for update using Github
2025-01-30 16:14:37 Success.
2025-01-30 16:14:37 Latest version is 1.8.3
2025-01-30 16:14:37 Downloading update from https://github.com/obsidianmd/obsidian-releases/releases/download/v1.8.3/obsidian-1.8.3.asar.gz
2025-01-30 16:14:38 Verifying hash & signature. Size= 8123758
2025-01-30 16:14:38 Saving file
2025-01-30 16:14:38 Update complete.
2025-01-30 17:54:25 Checking for update using Github
2025-01-30 17:54:26 Success.
2025-01-30 17:54:26 Latest version is 1.8.3
2025-01-30 17:54:26 An update is already downloaded.
2025-01-30 18:54:26 Checking for update using Github
2025-01-30 18:54:26 Success.
2025-01-30 18:54:26 Latest version is 1.8.3
2025-01-30 18:54:26 An update is already downloaded.
2025-01-30 19:54:26 Checking for update using Github
2025-01-30 19:54:26 Success.
2025-01-30 19:54:26 Latest version is 1.8.3
2025-01-30 19:54:26 An update is already downloaded.
2025-01-30 20:54:26 Checking for update using Github
2025-01-30 20:54:26 Success.
2025-01-30 20:54:26 Latest version is 1.8.3
2025-01-30 20:54:26 An update is already downloaded.
2025-01-30 21:54:26 Checking for update using Github
2025-01-30 21:54:27 Success.
2025-01-30 21:54:27 Latest version is 1.8.3
2025-01-30 21:54:27 An update is already downloaded.
2025-01-31 10:45:53 Loading updated app package /home/aaronz/.config/obsidian/obsidian-1.8.3.asar
2025-01-31 10:45:53 Checking for update using Github
2025-01-31 10:45:54 Success.
2025-01-31 10:45:54 Latest version is 1.8.3
2025-01-31 10:45:54 App is up to date.
2025-02-01 16:52:05 Loading main app package /usr/lib/obsidian/obsidian.asar
2025-02-01 16:52:05 Checking for update using Github
2025-02-01 16:52:05 Success.
2025-02-01 16:52:05 Latest version is 1.8.4
2025-02-01 16:52:05 Downloading update from https://github.com/obsidianmd/obsidian-releases/releases/download/v1.8.4/obsidian-1.8.4.asar.gz
2025-02-01 16:52:11 Verifying hash & signature. Size= 8123782
2025-02-01 16:52:11 Saving file
2025-02-01 16:52:11 Update complete.
2025-02-01 16:52:47 Loading updated app package /home/aaronz/.config/obsidian/obsidian-1.8.4.asar
2025-02-01 16:52:48 Checking for update using Github
2025-02-01 16:52:48 Success.
2025-02-01 16:52:48 Latest version is 1.8.4
2025-02-01 16:52:48 App is up to date.
2025-02-01 16:55:29 Loading updated app package /home/aaronz/.config/obsidian/obsidian-1.8.4.asar
2025-02-01 16:55:29 Checking for update using Github
2025-02-01 16:55:29 Success.
2025-02-01 16:55:29 Latest version is 1.8.4
2025-02-01 16:55:29 App is up to date.
2025-02-01 16:56:22 Loading updated app package /home/aaronz/.config/obsidian/obsidian-1.8.4.asar
2025-02-01 16:56:23 Checking for update using Github
2025-02-01 16:56:23 Success.
2025-02-01 16:56:23 Latest version is 1.8.4
2025-02-01 16:56:23 App is up to date.
2025-02-01 16:56:52 Loading updated app package /home/aaronz/.config/obsidian/obsidian-1.8.4.asar
2025-02-01 16:56:52 Checking for update using Github
2025-02-01 16:56:52 Success.
2025-02-01 16:56:52 Latest version is 1.8.4
2025-02-01 16:56:52 App is up to date.
2025-02-01 16:57:25 Checking for update using Github
2025-02-01 16:57:25 Success.
2025-02-01 16:57:25 Latest version is 1.8.4
2025-02-01 16:57:25 App is up to date.
2025-02-01 16:58:24 Loading updated app package /home/aaronz/.config/obsidian/obsidian-1.8.4.asar
2025-02-01 16:58:25 Checking for update using Github
2025-02-01 16:58:25 Success.
2025-02-01 16:58:25 Latest version is 1.8.4
2025-02-01 16:58:25 App is up to date.
2025-02-01 17:01:50 Loading updated app package /home/aaronz/.config/obsidian/obsidian-1.8.4.asar
2025-02-01 17:01:50 Checking for update using Github
2025-02-01 17:01:50 Success.
2025-02-01 17:01:50 Latest version is 1.8.4
2025-02-01 17:01:50 App is up to date.
2025-02-01 17:02:29 Loading updated app package /home/aaronz/.config/obsidian/obsidian-1.8.4.asar
2025-02-01 17:02:29 Checking for update using Github
2025-02-01 17:02:29 Success.
2025-02-01 17:02:29 Latest version is 1.8.4
2025-02-01 17:02:29 App is up to date.
2025-02-01 17:06:21 Loading updated app package /home/aaronz/.config/obsidian/obsidian-1.8.4.asar
2025-02-01 17:06:21 Checking for update using Github
2025-02-01 17:06:21 Success.
2025-02-01 17:06:21 Latest version is 1.8.4
2025-02-01 17:06:21 App is up to date.
2025-02-02 15:48:13 Loading updated app package /home/aaronz/.config/obsidian/obsidian-1.8.4.asar
2025-02-02 15:48:14 Checking for update using Github
2025-02-02 15:48:14 Success.
2025-02-02 15:48:14 Latest version is 1.8.4
2025-02-02 15:48:14 App is up to date.
2025-02-02 16:48:13 Checking for update using Github
2025-02-02 16:48:13 Success.
2025-02-02 16:48:13 Latest version is 1.8.4
2025-02-02 16:48:13 App is up to date.
2025-02-03 08:00:36 Loading updated app package /home/aaronz/.config/obsidian/obsidian-1.8.4.asar
2025-02-03 08:00:37 Checking for update using Github
2025-02-03 08:00:37 Success.
2025-02-03 08:00:37 Latest version is 1.8.4
2025-02-03 08:00:37 App is up to date.
2025-02-04 10:59:15 Loading updated app package /home/aaronz/.config/obsidian/obsidian-1.8.4.asar
2025-02-04 10:59:15 Checking for update using Github
2025-02-04 10:59:15 Success.
2025-02-04 10:59:15 Latest version is 1.8.4
2025-02-04 10:59:15 App is up to date.
2025-02-04 16:47:47 Loading main app package /usr/lib/obsidian/obsidian.asar
2025-02-04 16:47:47 Checking for update using Github
2025-02-04 16:47:52 Success.
2025-02-04 16:47:52 Latest version is 1.8.4
2025-02-04 16:47:52 App is up to date.
2025-02-04 16:58:49 Loading main app package /usr/lib/obsidian/obsidian.asar
2025-02-04 16:58:49 Checking for update using Github
2025-02-04 16:58:49 Success.
2025-02-04 16:58:49 Latest version is 1.8.4
2025-02-04 16:58:49 App is up to date.
2025-02-04 17:00:03 Loading main app package /usr/lib/obsidian/obsidian.asar
2025-02-04 17:00:03 Checking for update using Github
2025-02-04 17:00:03 Success.
2025-02-04 17:00:03 Latest version is 1.8.4
2025-02-04 17:00:03 App is up to date.
2025-02-04 19:15:57 Loading main app package /usr/lib/obsidian/obsidian.asar
2025-02-04 19:15:57 Checking for update using Github
2025-02-04 19:15:58 Success.
2025-02-04 19:15:58 Latest version is 1.8.4
2025-02-04 19:15:58 App is up to date.
2025-02-04 20:15:57 Checking for update using Github
2025-02-04 20:15:57 Success.
2025-02-04 20:15:57 Latest version is 1.8.4
2025-02-04 20:15:57 App is up to date.
2025-02-04 21:15:57 Checking for update using Github
2025-02-04 21:15:58 Success.
2025-02-04 21:15:58 Latest version is 1.8.4
2025-02-04 21:15:58 App is up to date.
2025-02-04 22:15:57 Checking for update using Github
2025-02-04 22:15:57 Success.
2025-02-04 22:15:57 Latest version is 1.8.4
2025-02-04 22:15:57 App is up to date.
2025-02-05 11:50:11 Loading main app package /usr/lib/obsidian/obsidian.asar
2025-02-05 11:50:11 Checking for update using Github
2025-02-05 11:50:11 Success.
2025-02-05 11:50:11 Latest version is 1.8.4
2025-02-05 11:50:11 App is up to date.
2025-02-05 12:50:12 Checking for update using Github
2025-02-05 12:50:12 Success.
2025-02-05 12:50:12 Latest version is 1.8.4
2025-02-05 12:50:12 App is up to date.
2025-02-05 13:50:12 Checking for update using Github
2025-02-05 13:50:12 Success.
2025-02-05 13:50:12 Latest version is 1.8.4
2025-02-05 13:50:12 App is up to date.
2025-02-05 14:50:12 Checking for update using Github
2025-02-05 14:50:12 Success.
2025-02-05 14:50:12 Latest version is 1.8.4
2025-02-05 14:50:12 App is up to date.
2025-02-05 15:50:12 Checking for update using Github
2025-02-05 15:50:12 Success.
2025-02-05 15:50:12 Latest version is 1.8.4
2025-02-05 15:50:12 App is up to date.
2025-02-05 16:50:12 Checking for update using Github
2025-02-05 16:50:12 Success.
2025-02-05 16:50:12 Latest version is 1.8.4
2025-02-05 16:50:12 App is up to date.
2025-02-05 18:34:53 Checking for update using Github
2025-02-05 18:34:53 Success.
2025-02-05 18:34:53 Latest version is 1.8.4
2025-02-05 18:34:53 App is up to date.
2025-02-05 19:34:53 Checking for update using Github
2025-02-05 19:34:54 Success.
2025-02-05 19:34:54 Latest version is 1.8.4
2025-02-05 19:34:54 App is up to date.
2025-02-05 20:34:53 Checking for update using Github
2025-02-05 20:34:53 Success.
2025-02-05 20:34:53 Latest version is 1.8.4
2025-02-05 20:34:53 App is up to date.
2025-02-05 21:34:53 Checking for update using Github
2025-02-05 21:34:53 Success.
2025-02-05 21:34:53 Latest version is 1.8.4
2025-02-05 21:34:53 App is up to date.
2025-02-06 09:25:24 Loading main app package /usr/lib/obsidian/obsidian.asar
2025-02-06 09:25:24 Checking for update using Github
2025-02-06 09:25:25 Success.
2025-02-06 09:25:25 Latest version is 1.8.4
2025-02-06 09:25:25 App is up to date.
2025-02-06 15:55:09 Loading main app package /usr/lib/obsidian/obsidian.asar
2025-02-06 15:55:09 Checking for update using Github
2025-02-06 15:55:09 Success.
2025-02-06 15:55:09 Latest version is 1.8.4
2025-02-06 15:55:09 App is up to date.
2025-02-06 16:55:09 Checking for update using Github
2025-02-06 16:55:09 Success.
2025-02-06 16:55:09 Latest version is 1.8.4
2025-02-06 16:55:09 App is up to date.
2025-02-06 18:54:02 Checking for update using Github
2025-02-06 18:54:02 Success.
2025-02-06 18:54:02 Latest version is 1.8.4
2025-02-06 18:54:02 App is up to date.
2025-02-06 19:54:02 Checking for update using Github
2025-02-06 19:54:02 Success.
2025-02-06 19:54:02 Latest version is 1.8.4
2025-02-06 19:54:02 App is up to date.
2025-02-06 20:54:02 Checking for update using Github
2025-02-06 20:54:02 Success.
2025-02-06 20:54:02 Latest version is 1.8.4
2025-02-06 20:54:02 App is up to date.
2025-02-07 12:19:33 Loading main app package /usr/lib/obsidian/obsidian.asar
2025-02-07 12:19:34 Checking for update using Github
2025-02-07 12:19:34 Success.
2025-02-07 12:19:34 Latest version is 1.8.4
2025-02-07 12:19:34 App is up to date.
2025-02-07 12:26:14 Loading main app package /usr/lib/obsidian/obsidian.asar
2025-02-07 12:26:15 Checking for update using Github
2025-02-07 12:26:15 Success.
2025-02-07 12:26:15 Latest version is 1.8.4
2025-02-07 12:26:15 App is up to date.
2025-02-07 14:38:54 Loading main app package /usr/lib/obsidian/obsidian.asar
2025-02-07 14:38:54 Checking for update using Github
2025-02-07 14:38:55 Success.
2025-02-07 14:38:55 Latest version is 1.8.4
2025-02-07 14:38:55 App is up to date.
2025-02-07 20:18:03 Loading main app package /usr/lib/obsidian/obsidian.asar
2025-02-07 20:18:04 Checking for update using Github
2025-02-07 20:18:04 Success.
2025-02-07 20:18:04 Latest version is 1.8.4
2025-02-07 20:18:04 App is up to date.
2025-02-07 21:18:03 Checking for update using Github
2025-02-07 21:18:03 Success.
2025-02-07 21:18:03 Latest version is 1.8.4
2025-02-07 21:18:03 App is up to date.
2025-02-07 22:18:03 Checking for update using Github
2025-02-07 22:18:03 Success.
2025-02-07 22:18:03 Latest version is 1.8.4
2025-02-07 22:18:03 App is up to date.
2025-02-08 14:27:05 Loading main app package /usr/lib/obsidian/obsidian.asar
2025-02-08 14:27:06 Checking for update using Github
2025-02-08 14:27:06 Success.
2025-02-08 14:27:06 Latest version is 1.8.4
2025-02-08 14:27:06 App is up to date.
2025-02-08 14:32:31 Loading main app package /usr/lib/obsidian/obsidian.asar
2025-02-08 14:32:31 Checking for update using Github
2025-02-08 14:32:31 Success.
2025-02-08 14:32:31 Latest version is 1.8.4
2025-02-08 14:32:31 App is up to date.
2025-02-08 14:40:46 Loading main app package /usr/lib/obsidian/obsidian.asar
2025-02-08 14:40:46 Checking for update using Github
2025-02-08 14:40:46 Success.
2025-02-08 14:40:46 Latest version is 1.8.4
2025-02-08 14:40:46 App is up to date.
2025-02-08 15:40:46 Checking for update using Github
2025-02-08 15:40:46 Success.
2025-02-08 15:40:46 Latest version is 1.8.4
2025-02-08 15:40:46 App is up to date.
2025-02-08 16:40:46 Checking for update using Github
2025-02-08 16:40:46 Success.
2025-02-08 16:40:46 Latest version is 1.8.4
2025-02-08 16:40:46 App is up to date.
2025-02-08 18:45:37 Checking for update using Github
2025-02-08 18:45:37 Success.
2025-02-08 18:45:37 Latest version is 1.8.4
2025-02-08 18:45:37 App is up to date.
2025-02-08 20:45:57 Checking for update using Github
2025-02-08 20:45:57 Success.
2025-02-08 20:45:57 Latest version is 1.8.4
2025-02-08 20:45:57 App is up to date.
2025-02-08 21:45:57 Checking for update using Github
2025-02-08 21:45:57 Success.
2025-02-08 21:45:57 Latest version is 1.8.4
2025-02-08 21:45:57 App is up to date.
2025-02-09 16:37:23 Loading main app package /usr/lib/obsidian/obsidian.asar
2025-02-09 16:37:23 Checking for update using Github
2025-02-09 16:37:24 Success.
2025-02-09 16:37:24 Latest version is 1.8.4
2025-02-09 16:37:24 App is up to date.
2025-02-10 08:04:56 Loading main app package /usr/lib/obsidian/obsidian.asar
2025-02-10 08:04:56 Checking for update using Github
2025-02-10 08:04:57 Success.
2025-02-10 08:04:57 Latest version is 1.8.4
2025-02-10 08:04:57 App is up to date.
2025-02-10 16:37:20 Loading main app package /usr/lib/obsidian/obsidian.asar
2025-02-10 16:37:21 Checking for update using Github
2025-02-10 16:37:21 Success.
2025-02-10 16:37:21 Latest version is 1.8.4
2025-02-10 16:37:21 App is up to date.
2025-02-10 18:00:39 Checking for update using Github
2025-02-10 18:00:40 Success.
2025-02-10 18:00:40 Latest version is 1.8.4
2025-02-10 18:00:40 App is up to date.
2025-02-10 20:03:51 Checking for update using Github
2025-02-10 20:03:51 Success.
2025-02-10 20:03:51 Latest version is 1.8.4
2025-02-10 20:03:51 App is up to date.
2025-02-10 21:10:53 Checking for update using Github
2025-02-10 21:10:53 Success.
2025-02-10 21:10:53 Latest version is 1.8.4
2025-02-10 21:10:53 App is up to date.
2025-02-11 10:57:35 Loading main app package /usr/lib/obsidian/obsidian.asar
2025-02-11 10:57:35 Checking for update using Github
2025-02-11 10:57:36 Success.
2025-02-11 10:57:36 Latest version is 1.8.4
2025-02-11 10:57:36 App is up to date.
2025-02-12 11:31:12 Loading main app package /usr/lib/obsidian/obsidian.asar
2025-02-12 11:31:12 Checking for update using Github
2025-02-12 11:31:13 Success.
2025-02-12 11:31:13 Latest version is 1.8.4
2025-02-12 11:31:13 App is up to date.
2025-02-12 16:53:28 Loading main app package /usr/lib/obsidian/obsidian.asar
2025-02-12 16:53:29 Checking for update using Github
2025-02-12 16:53:29 Success.
2025-02-12 16:53:29 Latest version is 1.8.4
2025-02-12 16:53:29 App is up to date.
2025-02-13 09:47:08 Loading main app package /usr/lib/obsidian/obsidian.asar
2025-02-13 09:47:09 Checking for update using Github
2025-02-13 09:47:09 Success.
2025-02-13 09:47:09 Latest version is 1.8.4
2025-02-13 09:47:09 App is up to date.
2025-02-13 10:47:08 Checking for update using Github
2025-02-13 10:47:09 Success.
2025-02-13 10:47:09 Latest version is 1.8.4
2025-02-13 10:47:09 App is up to date.
2025-02-13 12:54:59 Loading main app package /usr/lib/obsidian/obsidian.asar
2025-02-13 12:54:59 Checking for update using Github
2025-02-13 12:54:59 Failed to check for update using Github (net::ERR_INTERNET_DISCONNECTED)
2025-02-13 12:54:59 Checking for update using obsidian.md
2025-02-13 12:54:59 Failed to check for update using obsidian.md (net::ERR_INTERNET_DISCONNECTED)
2025-02-15 17:05:16 Loading main app package /usr/lib/obsidian/obsidian.asar
2025-02-15 17:05:17 Checking for update using Github
2025-02-15 17:05:18 Success.
2025-02-15 17:05:18 Latest version is 1.8.4
2025-02-15 17:05:18 App is up to date.
2025-02-16 10:55:05 Loading main app package /usr/lib/obsidian/obsidian.asar
2025-02-16 10:55:05 Checking for update using Github
2025-02-16 10:55:06 Success.
2025-02-16 10:55:06 Latest version is 1.8.4
2025-02-16 10:55:06 App is up to date.
2025-02-16 11:55:05 Checking for update using Github
2025-02-16 11:55:05 Success.
2025-02-16 11:55:05 Latest version is 1.8.4
2025-02-16 11:55:05 App is up to date.
2025-02-16 12:55:05 Checking for update using Github
2025-02-16 12:55:05 Success.
2025-02-16 12:55:05 Latest version is 1.8.4
2025-02-16 12:55:05 App is up to date.
2025-02-16 15:48:01 Loading main app package /usr/lib/obsidian/obsidian.asar
2025-02-16 15:48:01 Checking for update using Github
2025-02-16 15:48:01 Success.
2025-02-16 15:48:01 Latest version is 1.8.4
2025-02-16 15:48:01 App is up to date.
2025-02-16 16:48:01 Checking for update using Github
2025-02-16 16:48:01 Success.
2025-02-16 16:48:01 Latest version is 1.8.4
2025-02-16 16:48:01 App is up to date.
2025-02-16 17:48:01 Checking for update using Github
2025-02-16 17:48:01 Success.
2025-02-16 17:48:01 Latest version is 1.8.4
2025-02-16 17:48:01 App is up to date.
2025-02-16 17:51:12 Loading main app package /usr/lib/obsidian/obsidian.asar
2025-02-16 17:51:12 Checking for update using Github
2025-02-18 11:28:25 Loading main app package /usr/lib/obsidian/obsidian.asar
2025-02-18 11:28:25 Checking for update using Github
2025-02-18 11:28:25 Success.
2025-02-18 11:28:25 Latest version is 1.8.4
2025-02-18 11:28:25 App is up to date.
2025-02-18 11:41:40 Loading main app package /usr/lib/obsidian/obsidian.asar
2025-02-18 11:41:41 Checking for update using Github
2025-02-18 11:41:41 Success.
2025-02-18 11:41:41 Latest version is 1.8.4
2025-02-18 11:41:41 App is up to date.
2025-02-18 15:55:11 Loading main app package /usr/lib/obsidian/obsidian.asar
2025-02-18 15:55:11 Checking for update using Github
2025-02-18 15:55:12 Success.
2025-02-18 15:55:12 Latest version is 1.8.7
2025-02-18 15:55:12 Downloading update from https://github.com/obsidianmd/obsidian-releases/releases/download/v1.8.7/obsidian-1.8.7.asar.gz
2025-02-18 15:55:12 Verifying hash & signature. Size= 8128038
2025-02-18 15:55:12 Saving file
2025-02-18 15:55:13 Update complete.
2025-02-18 16:55:11 Checking for update using Github
2025-02-18 16:55:11 Success.
2025-02-18 16:55:11 Latest version is 1.8.7
2025-02-18 16:55:11 An update is already downloaded.
2025-02-18 18:59:29 Checking for update using Github
2025-02-18 18:59:29 Success.
2025-02-18 18:59:29 Latest version is 1.8.7
2025-02-18 18:59:29 An update is already downloaded.
2025-02-18 19:59:29 Checking for update using Github
2025-02-18 19:59:29 Success.
2025-02-18 19:59:29 Latest version is 1.8.7
2025-02-18 19:59:29 An update is already downloaded.
2025-02-18 20:59:30 Checking for update using Github
2025-02-18 20:59:30 Success.
2025-02-18 20:59:30 Latest version is 1.8.7
2025-02-18 20:59:30 An update is already downloaded.
2025-02-18 21:59:30 Checking for update using Github
2025-02-18 21:59:30 Success.
2025-02-18 21:59:30 Latest version is 1.8.7
2025-02-18 21:59:30 An update is already downloaded.
2025-02-18 22:59:30 Checking for update using Github
2025-02-18 22:59:30 Success.
2025-02-18 22:59:30 Latest version is 1.8.7
2025-02-18 22:59:30 An update is already downloaded.
2025-02-19 21:41:18 Loading main app package /usr/lib/obsidian/obsidian.asar
2025-02-19 21:41:19 Checking for update using Github
2025-02-19 21:41:19 Success.
2025-02-19 21:41:19 Latest version is 1.8.7
2025-02-19 21:41:19 App is up to date.
2025-02-19 21:43:54 Loading main app package /usr/lib/obsidian/obsidian.asar
2025-02-19 21:43:54 Checking for update using Github
2025-02-19 21:43:54 Success.
2025-02-19 21:43:54 Latest version is 1.8.7
2025-02-19 21:43:54 App is up to date.
2025-02-19 22:43:54 Checking for update using Github
2025-02-19 22:43:54 Success.
2025-02-19 22:43:54 Latest version is 1.8.7
2025-02-19 22:43:54 App is up to date.
2025-02-20 20:20:49 Loading main app package /usr/lib/obsidian/obsidian.asar
2025-02-20 20:20:50 Checking for update using Github
2025-02-20 20:20:50 Success.
2025-02-20 20:20:50 Latest version is 1.8.7
2025-02-20 20:20:50 App is up to date.
2025-02-20 21:26:38 Loading main app package /usr/lib/obsidian/obsidian.asar
2025-02-20 21:26:39 Checking for update using Github
2025-02-20 21:26:39 Success.
2025-02-20 21:26:39 Latest version is 1.8.7
2025-02-20 21:26:39 App is up to date.
2025-02-22 16:11:31 Loading main app package /usr/lib/obsidian/obsidian.asar
2025-02-22 16:11:32 Checking for update using Github
2025-02-22 16:11:32 Success.
2025-02-22 16:11:32 Latest version is 1.8.7
2025-02-22 16:11:32 App is up to date.
2025-02-22 17:46:11 Loading main app package /usr/lib/obsidian/obsidian.asar
2025-02-22 17:46:11 Checking for update using Github
2025-02-22 17:46:11 Success.
2025-02-22 17:46:11 Latest version is 1.8.7
2025-02-22 17:46:11 App is up to date.
2025-02-22 18:46:11 Checking for update using Github
2025-02-22 18:46:11 Success.
2025-02-22 18:46:11 Latest version is 1.8.7
2025-02-22 18:46:11 App is up to date.
2025-02-22 19:46:11 Checking for update using Github
2025-02-22 19:46:11 Success.
2025-02-22 19:46:11 Latest version is 1.8.7
2025-02-22 19:46:11 App is up to date.
2025-02-22 20:46:11 Checking for update using Github
2025-02-22 20:46:11 Success.
2025-02-22 20:46:11 Latest version is 1.8.7
2025-02-22 20:46:11 App is up to date.
2025-02-22 21:46:11 Checking for update using Github
2025-02-22 21:46:11 Success.
2025-02-22 21:46:11 Latest version is 1.8.7
2025-02-22 21:46:11 App is up to date.
2025-02-22 22:46:11 Checking for update using Github
2025-02-22 22:46:11 Success.
2025-02-22 22:46:11 Latest version is 1.8.7
2025-02-22 22:46:11 App is up to date.
2025-02-23 18:44:41 Loading main app package /usr/lib/obsidian/obsidian.asar
2025-02-23 18:44:41 Checking for update using Github
2025-02-23 18:44:41 Success.
2025-02-23 18:44:41 Latest version is 1.8.7
2025-02-23 18:44:41 App is up to date.
2025-02-24 11:12:50 Loading main app package /usr/lib/obsidian/obsidian.asar
2025-02-24 11:12:50 Checking for update using Github
2025-02-24 11:12:50 Success.
2025-02-24 11:12:50 Latest version is 1.8.7
2025-02-24 11:12:50 App is up to date.
2025-02-24 13:19:19 Loading main app package /usr/lib/obsidian/obsidian.asar
2025-02-24 13:19:19 Checking for update using Github
2025-02-24 13:19:20 Success.
2025-02-24 13:19:20 Latest version is 1.8.7
2025-02-24 13:19:20 App is up to date.
2025-02-24 15:09:12 Loading main app package /usr/lib/obsidian/obsidian.asar
2025-02-24 15:09:13 Checking for update using Github
2025-02-24 15:09:13 Success.
2025-02-24 15:09:13 Latest version is 1.8.7
2025-02-24 15:09:13 App is up to date.
2025-02-24 16:09:12 Checking for update using Github
2025-02-24 16:09:12 Success.
2025-02-24 16:09:12 Latest version is 1.8.7
2025-02-24 16:09:12 App is up to date.
2025-02-24 17:27:28 Checking for update using Github
2025-02-24 17:27:28 Success.
2025-02-24 17:27:28 Latest version is 1.8.7
2025-02-24 17:27:28 App is up to date.
2025-02-24 19:28:00 Checking for update using Github
2025-02-24 19:28:00 Success.
2025-02-24 19:28:00 Latest version is 1.8.7
2025-02-24 19:28:00 App is up to date.
2025-02-25 14:45:18 Loading main app package /usr/lib/obsidian/obsidian.asar
2025-02-25 14:45:18 Checking for update using Github
2025-02-25 14:45:18 Success.
2025-02-25 14:45:18 Latest version is 1.8.7
2025-02-25 14:45:18 App is up to date.
2025-02-25 15:45:18 Checking for update using Github
2025-02-25 15:45:18 Success.
2025-02-25 15:45:18 Latest version is 1.8.7
2025-02-25 15:45:18 App is up to date.
2025-02-25 16:49:56 Checking for update using Github
2025-02-25 16:49:56 Success.
2025-02-25 16:49:56 Latest version is 1.8.7
2025-02-25 16:49:56 App is up to date.
2025-02-25 18:34:39 Checking for update using Github
2025-02-25 18:34:39 Success.
2025-02-25 18:34:39 Latest version is 1.8.7
2025-02-25 18:34:39 App is up to date.
2025-02-25 19:34:39 Checking for update using Github
2025-02-25 19:34:39 Success.
2025-02-25 19:34:39 Latest version is 1.8.7
2025-02-25 19:34:39 App is up to date.
2025-02-25 21:27:05 Checking for update using Github
2025-02-25 21:27:05 Success.
2025-02-25 21:27:05 Latest version is 1.8.7
2025-02-25 21:27:05 App is up to date.
2025-02-25 22:27:06 Checking for update using Github
2025-02-25 22:27:07 Success.
2025-02-25 22:27:07 Latest version is 1.8.7
2025-02-25 22:27:07 App is up to date.
2025-02-26 10:05:27 Loading main app package /usr/lib/obsidian/obsidian.asar
2025-02-26 10:05:27 Checking for update using Github
2025-02-26 10:05:27 Success.
2025-02-26 10:05:27 Latest version is 1.8.7
2025-02-26 10:05:27 App is up to date.
2025-02-26 10:33:39 Loading main app package /usr/lib/obsidian/obsidian.asar
2025-02-26 10:33:40 Checking for update using Github
2025-02-26 10:33:40 Success.
2025-02-26 10:33:40 Latest version is 1.8.7
2025-02-26 10:33:40 App is up to date.
2025-02-26 11:33:40 Checking for update using Github
2025-02-26 11:33:40 Success.
2025-02-26 11:33:40 Latest version is 1.8.7
2025-02-26 11:33:40 App is up to date.
2025-02-26 12:33:40 Checking for update using Github
2025-02-26 12:33:40 Success.
2025-02-26 12:33:40 Latest version is 1.8.7
2025-02-26 12:33:40 App is up to date.
2025-02-26 13:33:40 Checking for update using Github
2025-02-26 13:33:40 Success.
2025-02-26 13:33:40 Latest version is 1.8.7
2025-02-26 13:33:40 App is up to date.
2025-02-27 16:59:36 Loading main app package /usr/lib/obsidian/obsidian.asar
2025-02-27 16:59:36 Checking for update using Github
2025-02-27 16:59:37 Success.
2025-02-27 16:59:37 Latest version is 1.8.7
2025-02-27 16:59:37 App is up to date.
2025-02-27 18:48:23 Checking for update using Github
2025-02-27 18:48:23 Success.
2025-02-27 18:48:23 Latest version is 1.8.7
2025-02-27 18:48:23 App is up to date.
2025-02-27 19:48:23 Checking for update using Github
2025-02-27 19:48:23 Success.
2025-02-27 19:48:23 Latest version is 1.8.7
2025-02-27 19:48:23 App is up to date.
2025-02-27 20:48:23 Checking for update using Github
2025-02-27 20:48:23 Success.
2025-02-27 20:48:23 Latest version is 1.8.7
2025-02-27 20:48:23 App is up to date.
2025-02-27 21:48:24 Checking for update using Github
2025-02-27 21:48:24 Success.
2025-02-27 21:48:24 Latest version is 1.8.7
2025-02-27 21:48:24 App is up to date.
2025-02-28 11:18:52 Loading main app package /usr/lib/obsidian/obsidian.asar
2025-02-28 11:18:52 Checking for update using Github
2025-02-28 11:18:52 Success.
2025-02-28 11:18:52 Latest version is 1.8.7
2025-02-28 11:18:52 App is up to date.
2025-02-28 12:18:52 Checking for update using Github
2025-02-28 12:18:52 Success.
2025-02-28 12:18:52 Latest version is 1.8.7
2025-02-28 12:18:52 App is up to date.
2025-02-28 20:42:31 Loading main app package /usr/lib/obsidian/obsidian.asar
2025-02-28 20:42:31 Checking for update using Github
2025-02-28 20:42:31 Success.
2025-02-28 20:42:31 Latest version is 1.8.7
2025-02-28 20:42:31 App is up to date.
2025-02-28 21:42:31 Checking for update using Github
2025-02-28 21:42:31 Success.
2025-02-28 21:42:31 Latest version is 1.8.7
2025-02-28 21:42:31 App is up to date.
2025-03-01 11:55:07 Loading main app package /usr/lib/obsidian/obsidian.asar
2025-03-01 11:55:08 Checking for update using Github
2025-03-01 11:55:08 Success.
2025-03-01 11:55:08 Latest version is 1.8.7
2025-03-01 11:55:08 App is up to date.
2025-03-01 16:22:43 Loading main app package /usr/lib/obsidian/obsidian.asar
2025-03-01 16:22:43 Checking for update using Github
2025-03-01 16:22:44 Success.
2025-03-01 16:22:44 Latest version is 1.8.7
2025-03-01 16:22:44 App is up to date.
2025-03-03 10:33:14 Loading main app package /usr/lib/obsidian/obsidian.asar
2025-03-03 10:33:14 Checking for update using Github
2025-03-03 10:33:15 Success.
2025-03-03 10:33:15 Latest version is 1.8.7
2025-03-03 10:33:15 App is up to date.
2025-03-03 11:33:14 Checking for update using Github
2025-03-03 11:33:14 Success.
2025-03-03 11:33:14 Latest version is 1.8.7
2025-03-03 11:33:14 App is up to date.
2025-03-04 10:25:58 Loading main app package /usr/lib/obsidian/obsidian.asar
2025-03-04 10:25:59 Checking for update using Github
2025-03-04 10:25:59 Success.
2025-03-04 10:25:59 Latest version is 1.8.7
2025-03-04 10:25:59 App is up to date.
2025-03-04 10:27:22 Loading main app package /usr/lib/obsidian/obsidian.asar
2025-03-04 10:27:23 Checking for update using Github
2025-03-04 10:27:23 Success.
2025-03-04 10:27:23 Latest version is 1.8.7
2025-03-04 10:27:23 App is up to date.
2025-03-04 16:39:57 Loading main app package /usr/lib/obsidian/obsidian.asar
2025-03-04 16:39:57 Checking for update using Github
2025-03-04 16:39:57 Success.
2025-03-04 16:39:57 Latest version is 1.8.7
2025-03-04 16:39:57 App is up to date.
2025-03-06 09:42:19 Loading main app package /usr/lib/obsidian/obsidian.asar
2025-03-06 09:42:19 Checking for update using Github
2025-03-06 09:42:20 Success.
2025-03-06 09:42:20 Latest version is 1.8.9
2025-03-06 09:42:20 Downloading update from https://github.com/obsidianmd/obsidian-releases/releases/download/v1.8.9/obsidian-1.8.9.asar.gz
2025-03-06 09:42:20 Verifying hash & signature. Size= 8125625
2025-03-06 09:42:20 Saving file
2025-03-06 09:42:20 Update complete.
2025-03-06 10:37:42 Loading updated app package /home/aaronz/.config/obsidian/obsidian-1.8.9.asar
2025-03-06 10:37:42 Checking for update using Github
2025-03-06 10:42:19 Checking for update using Github
2025-03-06 10:42:19 Success.
2025-03-06 10:42:19 Latest version is 1.8.9
2025-03-06 10:42:19 An update is already downloaded.
2025-03-06 16:20:47 Loading updated app package /home/aaronz/.config/obsidian/obsidian-1.8.9.asar
2025-03-06 16:20:48 Checking for update using Github
2025-03-06 16:20:48 Success.
2025-03-06 16:20:48 Latest version is 1.8.9
2025-03-06 16:20:48 App is up to date.
2025-03-08 14:59:57 Loading updated app package /home/aaronz/.config/obsidian/obsidian-1.8.9.asar
2025-03-08 14:59:57 Checking for update using Github
2025-03-08 14:59:58 Success.
2025-03-08 14:59:58 Latest version is 1.8.9
2025-03-08 14:59:58 App is up to date.
2025-03-08 15:19:46 Loading updated app package /home/aaronz/.config/obsidian/obsidian-1.8.9.asar
2025-03-08 15:19:46 Checking for update using Github
2025-03-08 15:19:46 Success.
2025-03-08 15:19:46 Latest version is 1.8.9
2025-03-08 15:19:46 App is up to date.
2025-03-08 16:19:46 Checking for update using Github
2025-03-08 16:19:47 Success.
2025-03-08 16:19:47 Latest version is 1.8.9
2025-03-08 16:19:47 App is up to date.
2025-03-08 17:19:46 Checking for update using Github
2025-03-08 17:19:46 Success.
2025-03-08 17:19:46 Latest version is 1.8.9
2025-03-08 17:19:46 App is up to date.
2025-03-08 17:24:52 Loading updated app package /home/aaronz/.config/obsidian/obsidian-1.8.9.asar
2025-03-08 17:24:52 Checking for update using Github
2025-03-08 17:24:52 Success.
2025-03-08 17:24:52 Latest version is 1.8.9
2025-03-08 17:24:52 App is up to date.
2025-03-08 18:24:52 Checking for update using Github
2025-03-08 18:24:52 Success.
2025-03-08 18:24:52 Latest version is 1.8.9
2025-03-08 18:24:52 App is up to date.
2025-03-08 19:24:52 Checking for update using Github
2025-03-08 19:24:52 Success.
2025-03-08 19:24:52 Latest version is 1.8.9
2025-03-08 19:24:52 App is up to date.
2025-03-08 20:24:52 Checking for update using Github
2025-03-08 20:24:52 Success.
2025-03-08 20:24:52 Latest version is 1.8.9
2025-03-08 20:24:52 App is up to date.
2025-03-08 21:24:52 Checking for update using Github
2025-03-08 21:24:52 Success.
2025-03-08 21:24:52 Latest version is 1.8.9
2025-03-08 21:24:52 App is up to date.
2025-03-09 15:45:02 Loading main app package /usr/lib/obsidian/obsidian.asar
2025-03-09 15:45:02 Checking for update using Github
2025-03-09 15:45:02 Success.
2025-03-09 15:45:02 Latest version is 1.8.9
2025-03-09 15:45:02 App is up to date.
2025-03-09 15:49:10 Loading main app package /usr/lib/obsidian/obsidian.asar
2025-03-09 15:49:10 Checking for update using Github
2025-03-09 15:49:10 Success.
2025-03-09 15:49:10 Latest version is 1.8.9
2025-03-09 15:49:10 App is up to date.
2025-03-09 15:50:51 Loading main app package /usr/lib/obsidian/obsidian.asar
2025-03-09 15:50:52 Checking for update using Github
2025-03-09 15:50:52 Success.
2025-03-09 15:50:52 Latest version is 1.8.9
2025-03-09 15:50:52 App is up to date.
2025-03-09 16:50:51 Checking for update using Github
2025-03-09 16:50:51 Success.
2025-03-09 16:50:51 Latest version is 1.8.9
2025-03-09 16:50:51 App is up to date.
2025-03-09 16:57:12 Loading main app package /usr/lib/obsidian/obsidian.asar
2025-03-09 16:57:13 Checking for update using Github
2025-03-09 16:57:13 Success.
2025-03-09 16:57:13 Latest version is 1.8.9
2025-03-09 16:57:13 App is up to date.
2025-03-09 18:21:31 Checking for update using Github
2025-03-09 18:21:31 Success.
2025-03-09 18:21:31 Latest version is 1.8.9
2025-03-09 18:21:31 App is up to date.
2025-03-09 19:21:31 Checking for update using Github
2025-03-09 19:21:31 Success.
2025-03-09 19:21:31 Latest version is 1.8.9
2025-03-09 19:21:31 App is up to date.
2025-03-10 10:32:07 Loading main app package /usr/lib/obsidian/obsidian.asar
2025-03-10 10:32:07 Checking for update using Github
2025-03-10 10:32:08 Success.
2025-03-10 10:32:08 Latest version is 1.8.9
2025-03-10 10:32:08 App is up to date.
2025-03-10 16:15:32 Loading main app package /usr/lib/obsidian/obsidian.asar
2025-03-10 16:15:33 Checking for update using Github
2025-03-10 16:15:33 Success.
2025-03-10 16:15:33 Latest version is 1.8.9
2025-03-10 16:15:33 App is up to date.
2025-03-10 18:14:41 Checking for update using Github
2025-03-10 18:14:42 Success.
2025-03-10 18:14:42 Latest version is 1.8.9
2025-03-10 18:14:42 App is up to date.
2025-03-10 19:14:41 Checking for update using Github
2025-03-10 19:14:41 Success.
2025-03-10 19:14:41 Latest version is 1.8.9
2025-03-10 19:14:41 App is up to date.
2025-03-11 10:30:02 Loading main app package /usr/lib/obsidian/obsidian.asar
2025-03-11 10:30:03 Checking for update using Github
2025-03-11 10:30:03 Success.
2025-03-11 10:30:03 Latest version is 1.8.9
2025-03-11 10:30:03 App is up to date.
2025-03-11 15:51:45 Loading main app package /usr/lib/obsidian/obsidian.asar
2025-03-11 15:51:46 Checking for update using Github
2025-03-11 15:51:46 Success.
2025-03-11 15:51:46 Latest version is 1.8.9
2025-03-11 15:51:46 App is up to date.
2025-03-11 16:11:26 Loading main app package /usr/lib/obsidian/obsidian.asar
2025-03-11 16:11:26 Checking for update using Github
2025-03-11 16:11:26 Success.
2025-03-11 16:11:26 Latest version is 1.8.9
2025-03-11 16:11:26 App is up to date.
2025-03-11 17:34:07 Checking for update using Github
2025-03-11 17:34:07 Success.
2025-03-11 17:34:07 Latest version is 1.8.9
2025-03-11 17:34:07 App is up to date.
2025-03-11 18:34:07 Checking for update using Github
2025-03-11 18:34:09 Success.
2025-03-11 18:34:09 Latest version is 1.8.9
2025-03-11 18:34:09 App is up to date.
2025-03-11 19:34:07 Checking for update using Github
2025-03-11 19:34:07 Success.
2025-03-11 19:34:07 Latest version is 1.8.9
2025-03-11 19:34:07 App is up to date.
2025-03-12 10:35:52 Loading main app package /usr/lib/obsidian/obsidian.asar
2025-03-12 10:35:52 Checking for update using Github
2025-03-12 10:35:52 Success.
2025-03-12 10:35:52 Latest version is 1.8.9
2025-03-12 10:35:52 App is up to date.
2025-03-12 13:57:44 Loading main app package /usr/lib/obsidian/obsidian.asar
2025-03-12 13:57:44 Checking for update using Github
2025-03-12 13:57:45 Success.
2025-03-12 13:57:45 Latest version is 1.8.9
2025-03-12 13:57:45 App is up to date.
2025-03-12 14:57:44 Checking for update using Github
2025-03-12 14:57:44 Success.
2025-03-12 14:57:44 Latest version is 1.8.9
2025-03-12 14:57:44 App is up to date.
2025-03-12 15:57:44 Checking for update using Github
2025-03-12 15:57:45 Success.
2025-03-12 15:57:45 Latest version is 1.8.9
2025-03-12 15:57:45 App is up to date.
2025-03-12 16:57:44 Checking for update using Github
2025-03-12 16:57:44 Success.
2025-03-12 16:57:44 Latest version is 1.8.9
2025-03-12 16:57:44 App is up to date.
2025-03-16 17:04:06 Loading main app package /usr/lib/obsidian/obsidian.asar
2025-03-16 17:04:06 Checking for update using Github
2025-03-16 17:04:06 Success.
2025-03-16 17:04:06 Latest version is 1.8.9
2025-03-16 17:04:06 App is up to date.
2025-03-17 16:23:03 Loading main app package /usr/lib/obsidian/obsidian.asar
2025-03-17 16:23:03 Checking for update using Github
2025-03-17 16:23:04 Success.
2025-03-17 16:23:04 Latest version is 1.8.9
2025-03-17 16:23:04 App is up to date.
2025-03-18 15:22:17 Loading main app package /usr/lib/obsidian/obsidian.asar
2025-03-18 15:22:18 Checking for update using Github
2025-03-18 15:22:18 Success.
2025-03-18 15:22:18 Latest version is 1.8.9
2025-03-18 15:22:18 App is up to date.
2025-03-23 14:31:20 Loading main app package /usr/lib/obsidian/obsidian.asar
2025-03-23 14:31:20 Checking for update using Github
2025-03-23 14:31:21 Success.
2025-03-23 14:31:21 Latest version is 1.8.9
2025-03-23 14:31:21 App is up to date.
2025-03-25 15:34:40 Loading main app package /usr/lib/obsidian/obsidian.asar
2025-03-25 15:34:40 Checking for update using Github
2025-03-25 15:34:41 Success.
2025-03-25 15:34:41 Latest version is 1.8.9
2025-03-25 15:34:41 App is up to date.
2025-03-25 16:34:40 Checking for update using Github
2025-03-25 16:34:40 Success.
2025-03-25 16:34:40 Latest version is 1.8.9
2025-03-25 16:34:40 App is up to date.
2025-03-25 17:34:40 Checking for update using Github
2025-03-25 17:34:40 Success.
2025-03-25 17:34:40 Latest version is 1.8.9
2025-03-25 17:34:40 App is up to date.
2025-03-25 18:34:40 Checking for update using Github
2025-03-25 18:34:40 Success.
2025-03-25 18:34:40 Latest version is 1.8.9
2025-03-25 18:34:40 App is up to date.
2025-03-25 20:05:38 Checking for update using Github
2025-03-25 20:05:39 Success.
2025-03-25 20:05:39 Latest version is 1.8.9
2025-03-25 20:05:39 App is up to date.
2025-03-25 21:05:38 Checking for update using Github
2025-03-25 21:05:38 Success.
2025-03-25 21:05:38 Latest version is 1.8.9
2025-03-25 21:05:38 App is up to date.
2025-03-25 22:05:38 Checking for update using Github
2025-03-25 22:05:39 Success.
2025-03-25 22:05:39 Latest version is 1.8.9
2025-03-25 22:05:39 App is up to date.
2025-03-25 23:05:38 Checking for update using Github
2025-03-25 23:05:40 Success.
2025-03-25 23:05:40 Latest version is 1.8.9
2025-03-25 23:05:40 App is up to date.
2025-03-28 13:02:42 Loading main app package /usr/lib/obsidian/obsidian.asar
2025-03-28 13:02:43 Checking for update using Github
2025-03-28 13:02:43 Success.
2025-03-28 13:02:43 Latest version is 1.8.9
2025-03-28 13:02:43 App is up to date.
2025-03-30 15:56:12 Loading main app package /usr/lib/obsidian/obsidian.asar
2025-03-30 15:56:12 Checking for update using Github
2025-03-30 15:56:12 Success.
2025-03-30 15:56:12 Latest version is 1.8.9
2025-03-30 15:56:12 App is up to date.
2025-03-30 16:00:01 Loading main app package /usr/lib/obsidian/obsidian.asar
2025-03-30 16:00:01 Checking for update using Github
2025-03-30 16:00:01 Success.
2025-03-30 16:00:01 Latest version is 1.8.9
2025-03-30 16:00:01 App is up to date.
2025-03-30 18:21:41 Loading main app package /usr/lib/obsidian/obsidian.asar
2025-03-30 18:21:42 Checking for update using Github
2025-03-30 18:21:42 Success.
2025-03-30 18:21:42 Latest version is 1.8.9
2025-03-30 18:21:42 App is up to date.
2025-03-30 19:21:41 Checking for update using Github
2025-03-30 19:21:41 Success.
2025-03-30 19:21:41 Latest version is 1.8.9
2025-03-30 19:21:41 App is up to date.
2025-03-30 20:21:41 Checking for update using Github
2025-03-30 20:21:41 Success.
2025-03-30 20:21:41 Latest version is 1.8.9
2025-03-30 20:21:41 App is up to date.
2025-03-30 20:29:17 Loading main app package /usr/lib/obsidian/obsidian.asar
2025-03-30 20:29:17 Checking for update using Github
2025-03-31 14:55:51 Loading main app package /usr/lib/obsidian/obsidian.asar
2025-03-31 14:55:52 Checking for update using Github
2025-03-31 14:55:52 Success.
2025-03-31 14:55:52 Latest version is 1.8.9
2025-03-31 14:55:52 App is up to date.
2025-03-31 15:41:12 Loading main app package /usr/lib/obsidian/obsidian.asar
2025-03-31 15:41:12 Checking for update using Github
2025-03-31 15:41:13 Success.
2025-03-31 15:41:13 Latest version is 1.8.9
2025-03-31 15:41:13 App is up to date.
2025-03-31 17:23:42 Checking for update using Github
2025-03-31 17:23:42 Success.
2025-03-31 17:23:42 Latest version is 1.8.9
2025-03-31 17:23:42 App is up to date.
2025-03-31 19:03:03 Checking for update using Github
2025-03-31 19:03:03 Success.
2025-03-31 19:03:03 Latest version is 1.8.9
2025-03-31 19:03:03 App is up to date.
2025-04-01 13:30:59 Loading main app package /usr/lib/obsidian/obsidian.asar
2025-04-01 13:30:59 Checking for update using Github
2025-04-01 13:30:59 Success.
2025-04-01 13:30:59 Latest version is 1.8.9
2025-04-01 13:30:59 App is up to date.
2025-04-01 15:32:43 Loading main app package /usr/lib/obsidian/obsidian.asar
2025-04-01 15:32:44 Checking for update using Github
2025-04-01 15:32:44 Success.
2025-04-01 15:32:44 Latest version is 1.8.9
2025-04-01 15:32:44 App is up to date.
2025-04-01 18:15:32 Loading main app package /usr/lib/obsidian/obsidian.asar
2025-04-01 18:15:32 Checking for update using Github
2025-04-01 18:15:32 Success.
2025-04-01 18:15:32 Latest version is 1.8.9
2025-04-01 18:15:32 App is up to date.
2025-04-01 19:03:16 Loading main app package /usr/lib/obsidian/obsidian.asar
2025-04-01 19:03:16 Checking for update using Github
2025-04-01 19:03:17 Success.
2025-04-01 19:03:17 Latest version is 1.8.9
2025-04-01 19:03:17 App is up to date.
2025-04-01 20:03:17 Checking for update using Github
2025-04-01 20:03:17 Success.
2025-04-01 20:03:17 Latest version is 1.8.9
2025-04-01 20:03:17 App is up to date.
2025-04-02 07:12:40 Loading main app package /usr/lib/obsidian/obsidian.asar
2025-04-02 07:12:40 Checking for update using Github
2025-04-02 07:12:41 Success.
2025-04-02 07:12:41 Latest version is 1.8.9
2025-04-02 07:12:41 App is up to date.
2025-04-02 08:12:40 Checking for update using Github
2025-04-02 08:12:40 Success.
2025-04-02 08:12:40 Latest version is 1.8.9
2025-04-02 08:12:40 App is up to date.
2025-04-02 09:12:40 Checking for update using Github
2025-04-02 09:12:40 Success.
2025-04-02 09:12:40 Latest version is 1.8.9
2025-04-02 09:12:40 App is up to date.
2025-04-02 10:57:41 Checking for update using Github
2025-04-02 10:57:41 Success.
2025-04-02 10:57:41 Latest version is 1.8.9
2025-04-02 10:57:41 App is up to date.
2025-04-02 13:50:46 Checking for update using Github
2025-04-02 13:50:46 Success.
2025-04-02 13:50:46 Latest version is 1.8.9
2025-04-02 13:50:46 App is up to date.
2025-04-02 18:25:29 Loading main app package /usr/lib/obsidian/obsidian.asar
2025-04-02 18:25:29 Checking for update using Github
2025-04-02 18:25:30 Success.
2025-04-02 18:25:30 Latest version is 1.8.9
2025-04-02 18:25:30 App is up to date.
2025-04-02 20:42:27 Checking for update using Github
2025-04-02 20:42:28 Success.
2025-04-02 20:42:28 Latest version is 1.8.9
2025-04-02 20:42:28 App is up to date.
2025-04-03 09:37:08 Loading main app package /usr/lib/obsidian/obsidian.asar
2025-04-03 09:37:09 Checking for update using Github
2025-04-03 09:37:09 Success.
2025-04-03 09:37:09 Latest version is 1.8.9
2025-04-03 09:37:09 App is up to date.
2025-04-03 10:57:41 Checking for update using Github
2025-04-03 10:57:41 Success.
2025-04-03 10:57:41 Latest version is 1.8.9
2025-04-03 10:57:41 App is up to date.
2025-04-03 11:57:42 Checking for update using Github
2025-04-03 11:57:42 Success.
2025-04-03 11:57:42 Latest version is 1.8.9
2025-04-03 11:57:42 App is up to date.
2025-04-03 18:11:48 Loading main app package /usr/lib/obsidian/obsidian.asar
2025-04-03 18:11:49 Checking for update using Github
2025-04-03 18:11:50 Success.
2025-04-03 18:11:50 Latest version is 1.8.9
2025-04-03 18:11:50 App is up to date.
2025-04-03 18:34:50 Loading main app package /usr/lib/obsidian/obsidian.asar
2025-04-03 18:34:50 Checking for update using Github
2025-04-03 18:34:51 Success.
2025-04-03 18:34:51 Latest version is 1.8.9
2025-04-03 18:34:51 App is up to date.
2025-04-03 18:35:00 Loading main app package /usr/lib/obsidian/obsidian.asar
2025-04-03 18:35:00 Checking for update using Github
2025-04-03 18:35:00 Success.
2025-04-03 18:35:00 Latest version is 1.8.9
2025-04-03 18:35:00 App is up to date.
2025-04-03 18:35:08 Loading main app package /usr/lib/obsidian/obsidian.asar
2025-04-03 18:35:08 Checking for update using Github
2025-04-03 18:35:08 Success.
2025-04-03 18:35:08 Latest version is 1.8.9
2025-04-03 18:35:08 App is up to date.
2025-04-04 10:09:58 Loading main app package /usr/lib/obsidian/obsidian.asar
2025-04-04 10:09:59 Checking for update using Github
2025-04-04 10:09:59 Success.
2025-04-04 10:09:59 Latest version is 1.8.9
2025-04-04 10:09:59 App is up to date.
2025-04-04 11:04:25 Loading main app package /usr/lib/obsidian/obsidian.asar
2025-04-04 11:04:26 Checking for update using Github
2025-04-04 11:04:26 Success.
2025-04-04 11:04:26 Latest version is 1.8.9
2025-04-04 11:04:26 App is up to date.
2025-04-04 12:36:57 Checking for update using Github
2025-04-04 12:36:58 Success.
2025-04-04 12:36:58 Latest version is 1.8.9
2025-04-04 12:36:58 App is up to date.
2025-04-04 13:36:58 Checking for update using Github
2025-04-04 13:36:58 Success.
2025-04-04 13:36:58 Latest version is 1.8.9
2025-04-04 13:36:58 App is up to date.
2025-04-04 14:36:58 Checking for update using Github
2025-04-04 14:36:58 Success.
2025-04-04 14:36:58 Latest version is 1.8.9
2025-04-04 14:36:58 App is up to date.
2025-04-04 15:36:58 Checking for update using Github
2025-04-04 15:36:58 Success.
2025-04-04 15:36:58 Latest version is 1.8.9
2025-04-04 15:36:58 App is up to date.
2025-04-04 17:43:49 Checking for update using Github
2025-04-04 17:43:49 Success.
2025-04-04 17:43:49 Latest version is 1.8.9
2025-04-04 17:43:49 App is up to date.
2025-04-04 18:43:50 Checking for update using Github
2025-04-04 18:43:50 Success.
2025-04-04 18:43:50 Latest version is 1.8.9
2025-04-04 18:43:50 App is up to date.
2025-04-04 19:43:50 Checking for update using Github
2025-04-04 19:43:51 Success.
2025-04-04 19:43:51 Latest version is 1.8.9
2025-04-04 19:43:51 App is up to date.
2025-04-04 20:43:50 Checking for update using Github
2025-04-04 20:43:50 Success.
2025-04-04 20:43:50 Latest version is 1.8.9
2025-04-04 20:43:50 App is up to date.
2025-04-05 09:14:19 Loading main app package /usr/lib/obsidian/obsidian.asar
2025-04-05 09:14:19 Checking for update using Github
2025-04-05 09:14:19 Success.
2025-04-05 09:14:19 Latest version is 1.8.9
2025-04-05 09:14:19 App is up to date.
2025-04-05 10:14:19 Checking for update using Github
2025-04-05 10:14:19 Success.
2025-04-05 10:14:19 Latest version is 1.8.9
2025-04-05 10:14:19 App is up to date.
2025-04-05 14:58:46 Loading main app package /usr/lib/obsidian/obsidian.asar
2025-04-05 14:58:47 Checking for update using Github
2025-04-05 14:58:47 Success.
2025-04-05 14:58:47 Latest version is 1.8.9
2025-04-05 14:58:47 App is up to date.
2025-04-05 15:34:46 Loading main app package /usr/lib/obsidian/obsidian.asar
2025-04-05 15:34:47 Checking for update using Github
2025-04-05 15:34:47 Success.
2025-04-05 15:34:47 Latest version is 1.8.9
2025-04-05 15:34:47 App is up to date.
2025-04-06 09:49:50 Loading main app package /usr/lib/obsidian/obsidian.asar
2025-04-06 09:49:50 Checking for update using Github
2025-04-06 09:49:50 Success.
2025-04-06 09:49:50 Latest version is 1.8.9
2025-04-06 09:49:50 App is up to date.
2025-04-06 11:24:39 Checking for update using Github
2025-04-06 11:24:39 Success.
2025-04-06 11:24:39 Latest version is 1.8.9
2025-04-06 11:24:39 App is up to date.
2025-04-06 13:09:50 Checking for update using Github
2025-04-06 13:09:50 Success.
2025-04-06 13:09:50 Latest version is 1.8.9
2025-04-06 13:09:50 App is up to date.
2025-04-06 14:09:50 Checking for update using Github
2025-04-06 14:09:50 Success.
2025-04-06 14:09:50 Latest version is 1.8.9
2025-04-06 14:09:50 App is up to date.
2025-04-06 15:09:50 Checking for update using Github
2025-04-06 15:09:50 Success.
2025-04-06 15:09:50 Latest version is 1.8.9
2025-04-06 15:09:50 App is up to date.
2025-04-06 16:09:50 Checking for update using Github
2025-04-06 16:09:50 Success.
2025-04-06 16:09:50 Latest version is 1.8.9
2025-04-06 16:09:50 App is up to date.
2025-04-07 07:19:19 Loading main app package /usr/lib/obsidian/obsidian.asar
2025-04-07 07:19:20 Checking for update using Github
2025-04-07 07:19:20 Success.
2025-04-07 07:19:20 Latest version is 1.8.9
2025-04-07 07:19:20 App is up to date.
2025-04-07 08:19:20 Checking for update using Github
2025-04-07 08:19:20 Success.
2025-04-07 08:19:20 Latest version is 1.8.9
2025-04-07 08:19:20 App is up to date.
2025-04-07 10:09:30 Checking for update using Github
2025-04-07 10:09:30 Success.
2025-04-07 10:09:30 Latest version is 1.8.9
2025-04-07 10:09:30 App is up to date.
2025-04-07 12:26:46 Checking for update using Github
2025-04-07 12:26:46 Success.
2025-04-07 12:26:46 Latest version is 1.8.9
2025-04-07 12:26:46 App is up to date.
2025-04-07 13:26:47 Checking for update using Github
2025-04-07 13:26:47 Success.
2025-04-07 13:26:47 Latest version is 1.8.9
2025-04-07 13:26:47 App is up to date.
2025-04-07 15:51:07 Loading main app package /usr/lib/obsidian/obsidian.asar
2025-04-07 15:51:07 Checking for update using Github
2025-04-07 15:51:08 Success.
2025-04-07 15:51:08 Latest version is 1.8.9
2025-04-07 15:51:08 App is up to date.
2025-04-07 16:51:07 Checking for update using Github
2025-04-07 16:51:07 Success.
2025-04-07 16:51:07 Latest version is 1.8.9
2025-04-07 16:51:07 App is up to date.
2025-04-07 17:51:07 Checking for update using Github
2025-04-07 17:51:07 Success.
2025-04-07 17:51:07 Latest version is 1.8.9
2025-04-07 17:51:07 App is up to date.
2025-04-07 18:51:07 Checking for update using Github
2025-04-07 18:51:07 Success.
2025-04-07 18:51:07 Latest version is 1.8.9
2025-04-07 18:51:07 App is up to date.
2025-04-07 19:51:07 Checking for update using Github
2025-04-07 19:51:07 Success.
2025-04-07 19:51:07 Latest version is 1.8.9
2025-04-07 19:51:07 App is up to date.
2025-04-07 20:51:07 Checking for update using Github
2025-04-07 20:51:07 Success.
2025-04-07 20:51:07 Latest version is 1.8.9
2025-04-07 20:51:07 App is up to date.
2025-04-08 07:29:29 Loading main app package /usr/lib/obsidian/obsidian.asar
2025-04-08 07:29:30 Checking for update using Github
2025-04-08 07:29:30 Success.
2025-04-08 07:29:30 Latest version is 1.8.9
2025-04-08 07:29:30 App is up to date.
2025-04-08 08:29:29 Checking for update using Github
2025-04-08 08:29:29 Success.
2025-04-08 08:29:29 Latest version is 1.8.9
2025-04-08 08:29:29 App is up to date.
2025-04-08 09:29:29 Checking for update using Github
2025-04-08 09:29:29 Success.
2025-04-08 09:29:29 Latest version is 1.8.9
2025-04-08 09:29:29 App is up to date.
2025-04-08 10:29:29 Checking for update using Github
2025-04-08 10:29:29 Success.
2025-04-08 10:29:29 Latest version is 1.8.9
2025-04-08 10:29:29 App is up to date.
2025-04-08 12:56:21 Loading main app package /usr/lib/obsidian/obsidian.asar
2025-04-08 12:56:21 Checking for update using Github
2025-04-08 12:56:21 Success.
2025-04-08 12:56:21 Latest version is 1.8.9
2025-04-08 12:56:21 App is up to date.
2025-04-08 15:01:42 Loading main app package /usr/lib/obsidian/obsidian.asar
2025-04-08 15:01:43 Checking for update using Github
2025-04-08 15:01:43 Success.
2025-04-08 15:01:43 Latest version is 1.8.9
2025-04-08 15:01:43 App is up to date.
2025-04-08 16:01:42 Checking for update using Github
2025-04-08 16:01:43 Success.
2025-04-08 16:01:43 Latest version is 1.8.9
2025-04-08 16:01:43 App is up to date.
2025-04-08 17:16:11 Checking for update using Github
2025-04-08 17:16:11 Success.
2025-04-08 17:16:11 Latest version is 1.8.9
2025-04-08 17:16:11 App is up to date.
2025-04-08 18:16:11 Checking for update using Github
2025-04-08 18:16:11 Success.
2025-04-08 18:16:11 Latest version is 1.8.9
2025-04-08 18:16:11 App is up to date.
2025-04-08 19:16:11 Checking for update using Github
2025-04-08 19:16:11 Success.
2025-04-08 19:16:11 Latest version is 1.8.9
2025-04-08 19:16:11 App is up to date.
2025-04-09 08:48:14 Loading main app package /usr/lib/obsidian/obsidian.asar
2025-04-09 08:48:14 Checking for update using Github
2025-04-09 08:48:14 Success.
2025-04-09 08:48:14 Latest version is 1.8.9
2025-04-09 08:48:14 App is up to date.
2025-04-09 09:48:14 Checking for update using Github
2025-04-09 09:48:14 Success.
2025-04-09 09:48:14 Latest version is 1.8.9
2025-04-09 09:48:14 App is up to date.
2025-04-09 10:48:14 Checking for update using Github
2025-04-09 10:48:14 Success.
2025-04-09 10:48:14 Latest version is 1.8.9
2025-04-09 10:48:14 App is up to date.
2025-04-09 10:51:01 Loading main app package /usr/lib/obsidian/obsidian.asar
2025-04-09 10:51:02 Checking for update using Github
2025-04-09 10:51:02 Success.
2025-04-09 10:51:02 Latest version is 1.8.9
2025-04-09 10:51:02 App is up to date.
2025-04-09 15:00:37 Loading main app package /usr/lib/obsidian/obsidian.asar
2025-04-09 15:00:37 Checking for update using Github
2025-04-09 15:00:38 Success.
2025-04-09 15:00:38 Latest version is 1.8.9
2025-04-09 15:00:38 App is up to date.
2025-04-09 15:23:46 Loading main app package /usr/lib/obsidian/obsidian.asar
2025-04-09 15:23:47 Checking for update using Github
2025-04-09 15:23:47 Success.
2025-04-09 15:23:47 Latest version is 1.8.9
2025-04-09 15:23:47 App is up to date.
2025-04-10 08:48:39 Loading main app package /usr/lib/obsidian/obsidian.asar
2025-04-10 08:48:39 Checking for update using Github
2025-04-10 08:48:40 Success.
2025-04-10 08:48:40 Latest version is 1.8.9
2025-04-10 08:48:40 App is up to date.
2025-04-10 09:48:39 Checking for update using Github
2025-04-10 09:48:39 Success.
2025-04-10 09:48:39 Latest version is 1.8.9
2025-04-10 09:48:39 App is up to date.
2025-04-10 10:37:12 Loading main app package /usr/lib/obsidian/obsidian.asar
2025-04-10 10:37:12 Checking for update using Github
2025-04-10 10:37:12 Success.
2025-04-10 10:37:12 Latest version is 1.8.9
2025-04-10 10:37:12 App is up to date.
2025-04-10 11:37:12 Checking for update using Github
2025-04-10 11:37:12 Success.
2025-04-10 11:37:12 Latest version is 1.8.9
2025-04-10 11:37:12 App is up to date.
2025-04-13 11:04:08 Loading main app package /usr/lib/obsidian/obsidian.asar
2025-04-13 11:04:09 Checking for update using Github
2025-04-13 11:04:09 Success.
2025-04-13 11:04:09 Latest version is 1.8.9
2025-04-13 11:04:09 App is up to date.
2025-04-13 12:26:38 Checking for update using Github
2025-04-13 12:26:38 Success.
2025-04-13 12:26:38 Latest version is 1.8.9
2025-04-13 12:26:38 App is up to date.
2025-04-13 13:26:38 Checking for update using Github
2025-04-13 13:26:38 Success.
2025-04-13 13:26:38 Latest version is 1.8.9
2025-04-13 13:26:38 App is up to date.
2025-04-13 14:26:38 Checking for update using Github
2025-04-13 14:26:38 Success.
2025-04-13 14:26:38 Latest version is 1.8.9
2025-04-13 14:26:38 App is up to date.
2025-04-14 07:26:09 Loading main app package /usr/lib/obsidian/obsidian.asar
2025-04-14 07:26:09 Checking for update using Github
2025-04-14 07:26:09 Success.
2025-04-14 07:26:09 Latest version is 1.8.9
2025-04-14 07:26:09 App is up to date.
2025-04-16 11:10:46 Loading main app package /usr/lib/obsidian/obsidian.asar
2025-04-16 11:10:47 Checking for update using Github
2025-04-16 11:10:47 Success.
2025-04-16 11:10:47 Latest version is 1.8.9
2025-04-16 11:10:47 App is up to date.
2025-04-16 12:10:46 Checking for update using Github
2025-04-16 12:10:46 Success.
2025-04-16 12:10:46 Latest version is 1.8.9
2025-04-16 12:10:46 App is up to date.
2025-04-16 13:10:46 Checking for update using Github
2025-04-16 13:10:46 Success.
2025-04-16 13:10:46 Latest version is 1.8.9
2025-04-16 13:10:46 App is up to date.
2025-04-16 14:10:46 Checking for update using Github
2025-04-16 14:10:46 Success.
2025-04-16 14:10:46 Latest version is 1.8.9
2025-04-16 14:10:46 App is up to date.
2025-04-16 15:23:44 Loading main app package /usr/lib/obsidian/obsidian.asar
2025-04-16 15:23:44 Checking for update using Github
2025-04-16 15:23:44 Success.
2025-04-16 15:23:44 Latest version is 1.8.9
2025-04-16 15:23:44 App is up to date.
2025-04-18 10:54:50 Loading main app package /usr/lib/obsidian/obsidian.asar
2025-04-18 10:54:50 Checking for update using Github
2025-04-18 10:54:51 Success.
2025-04-18 10:54:51 Latest version is 1.8.9
2025-04-18 10:54:51 App is up to date.
2025-04-18 15:45:57 Loading main app package /usr/lib/obsidian/obsidian.asar
2025-04-18 15:45:57 Checking for update using Github
2025-04-18 15:45:57 Success.
2025-04-18 15:45:57 Latest version is 1.8.9
2025-04-18 15:45:57 App is up to date.
2025-04-18 17:14:45 Checking for update using Github
2025-04-18 17:14:45 Success.
2025-04-18 17:14:45 Latest version is 1.8.9
2025-04-18 17:14:45 App is up to date.
2025-04-18 18:16:55 Checking for update using Github
2025-04-18 18:16:55 Success.
2025-04-18 18:16:55 Latest version is 1.8.9
2025-04-18 18:16:55 App is up to date.
2025-04-18 19:16:55 Checking for update using Github
2025-04-18 19:16:55 Success.
2025-04-18 19:16:55 Latest version is 1.8.9
2025-04-18 19:16:55 App is up to date.
2025-04-18 20:16:55 Checking for update using Github
2025-04-18 20:16:55 Success.
2025-04-18 20:16:55 Latest version is 1.8.9
2025-04-18 20:16:55 App is up to date.
2025-04-18 21:16:55 Checking for update using Github
2025-04-18 21:16:55 Success.
2025-04-18 21:16:55 Latest version is 1.8.9
2025-04-18 21:16:55 App is up to date.
2025-04-20 10:44:00 Loading main app package /usr/lib/obsidian/obsidian.asar
2025-04-20 10:44:01 Checking for update using Github
2025-04-20 10:44:01 Success.
2025-04-20 10:44:01 Latest version is 1.8.9
2025-04-20 10:44:01 App is up to date.
2025-04-21 10:03:07 Loading main app package /usr/lib/obsidian/obsidian.asar
2025-04-21 10:03:07 Checking for update using Github
2025-04-21 10:03:07 Success.
2025-04-21 10:03:07 Latest version is 1.8.9
2025-04-21 10:03:07 App is up to date.
2025-04-21 10:47:13 Loading main app package /usr/lib/obsidian/obsidian.asar
2025-04-21 10:47:14 Checking for update using Github
2025-04-21 10:47:14 Success.
2025-04-21 10:47:14 Latest version is 1.8.9
2025-04-21 10:47:14 App is up to date.
2025-04-21 10:52:42 Loading main app package /usr/lib/obsidian/obsidian.asar
2025-04-21 10:52:42 Checking for update using Github
2025-04-21 10:52:43 Success.
2025-04-21 10:52:43 Latest version is 1.8.9
2025-04-21 10:52:43 App is up to date.
2025-04-21 19:10:11 Loading main app package /usr/lib/obsidian/obsidian.asar
2025-04-21 19:10:11 Checking for update using Github
2025-04-21 19:10:12 Success.
2025-04-21 19:10:12 Latest version is 1.8.9
2025-04-21 19:10:12 App is up to date.
2025-04-22 09:38:14 Loading main app package /usr/lib/obsidian/obsidian.asar
2025-04-22 09:38:14 Checking for update using Github
2025-04-22 09:38:14 Success.
2025-04-22 09:38:14 Latest version is 1.8.9
2025-04-22 09:38:14 App is up to date.
2025-04-22 09:41:22 Loading main app package /usr/lib/obsidian/obsidian.asar
2025-04-22 09:41:22 Checking for update using Github
2025-04-22 09:41:23 Success.
2025-04-22 09:41:23 Latest version is 1.8.9
2025-04-22 09:41:23 App is up to date.
2025-04-23 09:34:49 Loading main app package /usr/lib/obsidian/obsidian.asar
2025-04-23 09:34:49 Checking for update using Github
2025-04-23 09:34:49 Success.
2025-04-23 09:34:49 Latest version is 1.8.10
2025-04-23 09:34:49 Downloading update from https://github.com/obsidianmd/obsidian-releases/releases/download/v1.8.10/obsidian-1.8.10.asar.gz
2025-04-23 09:34:50 Verifying hash & signature. Size= 8128788
2025-04-23 09:34:50 Saving file
2025-04-23 09:34:50 Update complete.
2025-04-26 11:01:26 Loading updated app package /home/aaronz/.config/obsidian/obsidian-1.8.10.asar
2025-04-26 11:01:26 Checking for update using Github
2025-04-26 11:01:26 Success.
2025-04-26 11:01:26 Latest version is 1.8.10
2025-04-26 11:01:26 App is up to date.
2025-04-27 08:41:57 Loading updated app package /home/aaronz/.config/obsidian/obsidian-1.8.10.asar
2025-04-27 08:41:58 Checking for update using Github
2025-04-27 08:41:58 Success.
2025-04-27 08:41:58 Latest version is 1.8.10
2025-04-27 08:41:58 App is up to date.
2025-04-30 14:51:31 Loading main app package /usr/lib/obsidian/obsidian.asar
2025-04-30 14:51:31 Checking for update using Github
2025-04-30 14:51:31 Success.
2025-04-30 14:51:31 Latest version is 1.8.10
2025-04-30 14:51:31 App is up to date.
2025-04-30 14:57:18 Loading main app package /usr/lib/obsidian/obsidian.asar
2025-04-30 14:57:18 Checking for update using Github
2025-04-30 14:57:18 Success.
2025-04-30 14:57:18 Latest version is 1.8.10
2025-04-30 14:57:18 App is up to date.
2025-04-30 15:57:18 Checking for update using Github
2025-04-30 15:57:18 Success.
2025-04-30 15:57:18 Latest version is 1.8.10
2025-04-30 15:57:18 App is up to date.
2025-04-30 16:57:18 Checking for update using Github
2025-04-30 16:57:18 Success.
2025-04-30 16:57:18 Latest version is 1.8.10
2025-04-30 16:57:18 App is up to date.
2025-04-30 17:57:18 Checking for update using Github
2025-04-30 17:57:18 Success.
2025-04-30 17:57:18 Latest version is 1.8.10
2025-04-30 17:57:18 App is up to date.
2025-04-30 18:57:18 Checking for update using Github
2025-04-30 18:57:18 Success.
2025-04-30 18:57:18 Latest version is 1.8.10
2025-04-30 18:57:18 App is up to date.
2025-04-30 19:57:18 Checking for update using Github
2025-04-30 19:57:18 Success.
2025-04-30 19:57:18 Latest version is 1.8.10
2025-04-30 19:57:18 App is up to date.
2025-04-30 20:57:18 Checking for update using Github
2025-04-30 20:57:18 Success.
2025-04-30 20:57:18 Latest version is 1.8.10
2025-04-30 20:57:18 App is up to date.
2025-04-30 21:57:18 Checking for update using Github
2025-04-30 21:57:18 Success.
2025-04-30 21:57:18 Latest version is 1.8.10
2025-04-30 21:57:18 App is up to date.
2025-05-01 09:42:13 Loading main app package /usr/lib/obsidian/obsidian.asar
2025-05-01 09:42:13 Checking for update using Github
2025-05-01 09:42:14 Success.
2025-05-01 09:42:14 Latest version is 1.8.10
2025-05-01 09:42:14 App is up to date.
2025-05-03 10:52:03 Loading main app package /usr/lib/obsidian/obsidian.asar
2025-05-03 10:52:03 Checking for update using Github
2025-05-03 10:52:04 Success.
2025-05-03 10:52:04 Latest version is 1.8.10
2025-05-03 10:52:04 App is up to date.
2025-05-05 10:02:16 Loading main app package /usr/lib/obsidian/obsidian.asar
2025-05-05 10:02:17 Checking for update using Github
2025-05-05 10:02:17 Success.
2025-05-05 10:02:17 Latest version is 1.8.10
2025-05-05 10:02:17 App is up to date.
2025-05-14 09:55:50 Loading main app package /usr/lib/obsidian/obsidian.asar
2025-05-14 09:55:51 Checking for update using Github
2025-05-14 09:55:51 Success.
2025-05-14 09:55:51 Latest version is 1.8.10
2025-05-14 09:55:51 App is up to date.
2025-05-17 13:07:14 Loading main app package /usr/lib/obsidian/obsidian.asar
2025-05-17 13:07:15 Checking for update using Github
2025-05-17 13:07:15 Success.
2025-05-17 13:07:15 Latest version is 1.8.10
2025-05-17 13:07:15 App is up to date.
2025-05-17 14:07:14 Checking for update using Github
2025-05-17 14:07:14 Success.
2025-05-17 14:07:14 Latest version is 1.8.10
2025-05-17 14:07:14 App is up to date.
2025-05-30 09:23:45 Loading main app package /usr/lib/obsidian/obsidian.asar
2025-05-30 09:23:46 Checking for update using Github
2025-05-30 09:23:50 Success.
2025-05-30 09:23:50 Latest version is 1.8.10
2025-05-30 09:23:50 App is up to date.
2025-06-01 09:05:39 Loading main app package /usr/lib/obsidian/obsidian.asar
2025-06-01 09:05:40 Checking for update using Github
2025-06-01 09:05:41 Success.
2025-06-01 09:05:41 Latest version is 1.8.10
2025-06-01 09:05:41 App is up to date.
2025-06-03 06:00:09 Loading main app package /usr/lib/obsidian/obsidian.asar
2025-06-03 06:00:10 Checking for update using Github
2025-06-03 06:00:12 Success.
2025-06-03 06:00:12 Latest version is 1.8.10
2025-06-03 06:00:12 App is up to date.
2025-06-03 07:49:53 Loading main app package /usr/lib/obsidian/obsidian.asar
2025-06-03 07:49:53 Checking for update using Github
2025-06-03 07:49:54 Success.
2025-06-03 07:49:54 Latest version is 1.8.10
2025-06-03 07:49:54 App is up to date.
2025-06-03 07:50:00 Loading main app package /usr/lib/obsidian/obsidian.asar
2025-06-03 07:50:00 Checking for update using Github
2025-06-03 07:50:00 Success.
2025-06-03 07:50:00 Latest version is 1.8.10
2025-06-03 07:50:00 App is up to date.
2025-06-03 08:41:37 Loading main app package /usr/lib/obsidian/obsidian.asar
2025-06-03 08:41:37 Checking for update using Github
2025-06-03 08:50:00 Checking for update using Github
2025-06-03 08:50:01 Success.
2025-06-03 08:50:01 Latest version is 1.8.10
2025-06-03 08:50:01 App is up to date.
2025-06-05 09:44:24 Loading main app package /usr/lib/obsidian/obsidian.asar
2025-06-05 09:44:24 Checking for update using Github
2025-06-05 09:44:26 Success.
2025-06-05 09:44:26 Latest version is 1.8.10
2025-06-05 09:44:26 App is up to date.
2025-06-06 04:40:50 Loading main app package /usr/lib/obsidian/obsidian.asar
2025-06-06 04:40:51 Checking for update using Github
2025-06-06 04:40:52 Success.
2025-06-06 04:40:52 Latest version is 1.8.10
2025-06-06 04:40:52 App is up to date.
2025-06-06 06:53:20 Checking for update using Github
2025-06-06 06:53:21 Success.
2025-06-06 06:53:21 Latest version is 1.8.10
2025-06-06 06:53:21 App is up to date.
2025-06-25 02:03:00 Loading main app package /usr/lib/obsidian/obsidian.asar
2025-06-25 02:03:01 Checking for update using Github
2025-06-25 02:03:03 Success.
2025-06-25 02:03:03 Latest version is 1.8.10
2025-06-25 02:03:03 App is up to date.
2025-06-25 04:14:48 Loading main app package /usr/lib/obsidian/obsidian.asar
2025-06-25 04:14:48 Checking for update using Github
2025-06-25 04:14:50 Success.
2025-06-25 04:14:50 Latest version is 1.8.10
2025-06-25 04:14:50 App is up to date.
2025-06-25 05:14:48 Checking for update using Github
2025-06-25 05:14:48 Success.
2025-06-25 05:14:48 Latest version is 1.8.10
2025-06-25 05:14:48 App is up to date.
2025-06-25 06:14:48 Checking for update using Github
2025-06-25 06:14:49 Success.
2025-06-25 06:14:49 Latest version is 1.8.10
2025-06-25 06:14:49 App is up to date.
2025-06-25 06:46:43 Loading main app package /usr/lib/obsidian/obsidian.asar
2025-06-25 06:46:43 Checking for update using Github
2025-06-25 06:46:44 Success.
2025-06-25 06:46:44 Latest version is 1.8.10
2025-06-25 06:46:44 App is up to date.
2025-06-25 07:49:13 Checking for update using Github
2025-06-25 07:49:14 Success.
2025-06-25 07:49:14 Latest version is 1.8.10
2025-06-25 07:49:14 App is up to date.
2025-06-25 08:38:57 Loading main app package /usr/lib/obsidian/obsidian.asar
2025-06-25 08:38:57 Checking for update using Github
2025-06-25 08:49:14 Checking for update using Github
2025-06-25 08:49:15 Success.
2025-06-25 08:49:15 Latest version is 1.8.10
2025-06-25 08:49:15 App is up to date.
2025-08-19 03:07:43 Loading main app package /usr/lib/obsidian/obsidian.asar
2025-08-19 03:07:43 Checking for update using Github
2025-08-19 03:07:45 Success.
2025-08-19 03:07:45 Latest version is 1.9.10
2025-08-19 03:07:45 Downloading update from https://github.com/obsidianmd/obsidian-releases/releases/download/v1.9.10/obsidian-1.9.10.asar.gz
2025-08-19 03:07:53 Verifying hash & signature. Size= 9033422
2025-08-19 03:07:53 Saving file
2025-08-19 03:07:53 Update complete.
2025-09-10 18:25:51 Loading main app package /usr/lib/obsidian/obsidian.asar
2025-09-10 18:25:52 Checking for update using Github
2025-09-10 18:25:52 Success.
2025-09-10 18:25:52 Latest version is 1.9.12
2025-09-10 18:25:52 App is up to date.
2025-09-30 13:21:08 Loading main app package /usr/lib/obsidian/obsidian.asar
2025-09-30 13:21:08 Checking for update using Github
2025-09-30 13:21:09 Success.
2025-09-30 13:21:09 Latest version is 1.9.12
2025-09-30 13:21:09 App is up to date.
2025-10-01 09:26:26 Loading main app package /usr/lib/obsidian/obsidian.asar
2025-10-01 09:26:26 Checking for update using Github
2025-10-01 09:26:26 Success.
2025-10-01 09:26:26 Latest version is 1.9.12
2025-10-01 09:26:26 App is up to date.
2025-10-07 12:20:54 Loading main app package /usr/lib/obsidian/obsidian.asar
2025-10-07 12:20:55 Checking for update using Github
2025-10-07 12:20:55 Success.
2025-10-07 12:20:55 Latest version is 1.9.14
2025-10-07 12:20:55 Downloading update from https://github.com/obsidianmd/obsidian-releases/releases/download/v1.9.14/obsidian-1.9.14.asar.gz
2025-10-07 12:20:55 Verifying hash & signature. Size= 9033685
2025-10-07 12:20:55 Saving file
2025-10-07 12:20:55 Update complete.
2025-10-07 13:20:49 Loading updated app package /home/aaronz/.config/obsidian/obsidian-1.9.14.asar
2025-10-07 13:20:49 Checking for update using Github
2025-10-07 13:20:49 Success.
2025-10-07 13:20:49 Latest version is 1.9.14
2025-10-07 13:20:49 App is up to date.
2025-10-07 16:26:16 Loading updated app package /home/aaronz/.config/obsidian/obsidian-1.9.14.asar
2025-10-07 16:26:17 Checking for update using Github
2025-10-07 16:26:17 Success.
2025-10-07 16:26:17 Latest version is 1.9.14
2025-10-07 16:26:17 App is up to date.
2025-10-09 12:29:04 Loading updated app package /home/aaronz/.config/obsidian/obsidian-1.9.14.asar
2025-10-09 12:29:04 Checking for update using Github
2025-10-09 12:29:04 Success.
2025-10-09 12:29:04 Latest version is 1.9.14
2025-10-09 12:29:04 App is up to date.
2025-10-31 13:16:54 Loading main app package /usr/lib/obsidian/obsidian.asar
2025-10-31 13:16:54 Checking for update using Github
2025-10-31 13:16:55 Success.
2025-10-31 13:16:55 Latest version is 1.9.14
2025-10-31 13:16:55 App is up to date.
2025-11-01 13:27:17 Loading main app package /usr/lib/obsidian/obsidian.asar
2025-11-01 13:27:17 Checking for update using Github
2025-11-01 13:27:18 Success.
2025-11-01 13:27:18 Latest version is 1.9.14
2025-11-01 13:27:18 App is up to date.
2025-11-30 11:53:17 Loading main app package /usr/lib/obsidian/obsidian.asar
2025-11-30 11:53:17 Checking for update using Github
2025-11-30 11:53:18 Success.
2025-11-30 11:53:18 Latest version is 1.10.6
2025-11-30 11:53:18 Downloading update from https://github.com/obsidianmd/obsidian-releases/releases/download/v1.10.6/obsidian-1.10.6.asar.gz
2025-11-30 11:53:21 Verifying hash & signature. Size= 9054843
2025-11-30 11:53:21 Saving file
2025-11-30 11:53:21 Update complete.
2025-11-30 13:03:12 Loading main app package /usr/lib/obsidian/obsidian.asar
2025-11-30 13:03:13 Checking for update using Github
2025-11-30 13:03:13 Success.
2025-11-30 13:03:13 Latest version is 1.10.6
2025-11-30 13:03:13 App is up to date.
2025-12-01 11:36:14 Loading main app package /usr/lib/obsidian/obsidian.asar
2025-12-01 11:36:15 Checking for update using Github
2025-12-01 11:36:15 Failed to check for update using Github (net::ERR_INTERNET_DISCONNECTED)
2025-12-01 11:36:15 Checking for update using obsidian.md
2025-12-01 11:36:15 Failed to check for update using obsidian.md (net::ERR_INTERNET_DISCONNECTED)
2025-12-01 13:34:28 Loading main app package /usr/lib/obsidian/obsidian.asar
2025-12-01 13:34:28 Checking for update using Github
2025-12-01 13:34:28 Success.
2025-12-01 13:34:28 Latest version is 1.10.6
2025-12-01 13:34:28 App is up to date.
2025-12-01 16:42:11 Loading main app package /usr/lib/obsidian/obsidian.asar
2025-12-01 16:42:12 Checking for update using Github
2025-12-01 16:42:12 Success.
2025-12-01 16:42:12 Latest version is 1.10.6
2025-12-01 16:42:12 App is up to date.
2026-02-02 11:22:45 Loading main app package /usr/lib/obsidian/obsidian.asar
2026-02-02 11:22:46 Checking for update using Github
2026-02-02 11:22:46 Success.
2026-02-02 11:22:46 Latest version is 1.11.5
2026-02-02 11:22:46 App is up to date.
2026-02-02 12:22:45 Checking for update using Github
2026-02-02 12:22:45 Success.
2026-02-02 12:22:45 Latest version is 1.11.5
2026-02-02 12:22:45 App is up to date.
2026-02-02 17:20:18 Loading main app package /usr/lib/obsidian/obsidian.asar
2026-02-02 17:20:19 Checking for update using Github
2026-02-02 17:20:19 Success.
2026-02-02 17:20:19 Latest version is 1.11.5
2026-02-02 17:20:19 App is up to date.
2026-02-03 21:40:17 Loading main app package /usr/lib/obsidian/obsidian.asar
2026-02-03 21:40:17 Checking for update using Github
2026-02-03 21:40:17 Success.
2026-02-03 21:40:17 Latest version is 1.11.5
2026-02-03 21:40:17 App is up to date.
2026-02-23 17:12:57 Loaded main app package /usr/lib/obsidian/obsidian.asar
2026-02-23 17:12:57 Checking for update using Github
2026-02-23 17:12:57 Success.
2026-02-23 17:12:57 Latest version is 1.11.7
2026-02-23 17:12:57 App is up to date.
2026-02-25 11:51:18 Loaded main app package /usr/lib/obsidian/obsidian.asar
2026-02-25 11:51:18 Checking for update using Github
2026-02-25 11:51:19 Success.
2026-02-25 11:51:19 Latest version is 1.11.7
2026-02-25 11:51:19 App is up to date.
2026-02-25 11:59:51 Loaded main app package /usr/lib/obsidian/obsidian.asar
2026-02-25 11:59:51 Checking for update using Github
2026-02-25 11:59:51 Success.
2026-02-25 11:59:51 Latest version is 1.11.7
2026-02-25 11:59:51 App is up to date.
2026-02-25 12:07:40 Loaded main app package /usr/lib/obsidian/obsidian.asar
2026-02-25 12:07:40 Checking for update using Github
2026-02-25 12:07:50 Loaded main app package /usr/lib/obsidian/obsidian.asar
2026-02-25 12:07:50 Checking for update using Github
2026-02-25 12:07:50 Success.
2026-02-25 12:07:50 Latest version is 1.11.7
2026-02-25 12:07:50 App is up to date.
2026-02-25 12:08:10 Loaded main app package /usr/lib/obsidian/obsidian.asar
2026-02-25 12:08:10 Checking for update using Github
2026-02-25 12:08:10 Success.
2026-02-25 12:08:10 Latest version is 1.11.7
2026-02-25 12:08:10 App is up to date.
2026-02-25 12:08:36 Loaded main app package /usr/lib/obsidian/obsidian.asar
2026-02-25 12:08:36 Checking for update using Github
2026-02-25 12:08:36 Success.
2026-02-25 12:08:36 Latest version is 1.11.7
2026-02-25 12:08:36 App is up to date.
2026-02-25 12:21:28 Loaded main app package /usr/lib/obsidian/obsidian.asar
2026-02-25 12:21:28 Checking for update using Github
2026-02-25 12:21:29 Success.
2026-02-25 12:21:29 Latest version is 1.11.7
2026-02-25 12:21:29 App is up to date.
2026-02-25 12:23:27 Loaded main app package /usr/lib/obsidian/obsidian.asar
2026-02-25 12:23:27 Checking for update using Github
2026-02-25 12:23:27 Success.
2026-02-25 12:23:27 Latest version is 1.11.7
2026-02-25 12:23:27 App is up to date.
2026-02-25 12:23:55 Loaded main app package /usr/lib/obsidian/obsidian.asar
2026-02-25 12:23:55 Checking for update using Github
2026-02-25 12:23:56 Success.
2026-02-25 12:23:56 Latest version is 1.11.7
2026-02-25 12:23:56 App is up to date.
2026-02-25 12:37:29 Loaded main app package /usr/lib/obsidian/obsidian.asar
2026-02-25 12:37:29 Checking for update using Github
2026-02-25 14:37:17 Loaded main app package /usr/lib/obsidian/obsidian.asar
2026-02-25 14:37:17 Checking for update using Github
2026-02-25 14:37:17 Success.
2026-02-25 14:37:17 Latest version is 1.11.7
2026-02-25 14:37:17 App is up to date.
2026-02-25 14:42:51 Loaded main app package /usr/lib/obsidian/obsidian.asar
2026-02-25 14:42:52 Checking for update using Github
2026-02-25 14:42:52 Success.
2026-02-25 14:42:52 Latest version is 1.11.7
2026-02-25 14:42:52 App is up to date.
2026-03-03 12:11:27 Loaded main app package /usr/lib/obsidian/obsidian.asar
2026-03-03 12:11:28 Checking for update using Github
2026-03-03 12:11:28 Success.
2026-03-03 12:11:28 Latest version is 1.12.4
2026-03-03 12:11:28 Downloading update from https://github.com/obsidianmd/obsidian-releases/releases/download/v1.12.4/obsidian-1.12.4.asar.gz
2026-03-03 12:11:28 Verifying hash & signature. Size= 8322418
2026-03-03 12:11:28 Saving file
2026-03-03 12:11:28 Update complete.
2026-03-03 12:31:47 Loaded updated app package /home/aaronz/.config/obsidian/obsidian-1.12.4.asar
2026-03-03 12:31:47 Checking for update using Github
2026-03-03 12:31:47 Success.
2026-03-03 12:31:47 Latest version is 1.12.4
2026-03-03 12:31:47 App is up to date.
2026-03-03 12:32:53 Loaded updated app package /home/aaronz/.config/obsidian/obsidian-1.12.4.asar
2026-03-03 12:32:53 Checking for update using Github
2026-03-03 12:32:53 Success.
2026-03-03 12:32:53 Latest version is 1.12.4
2026-03-03 12:32:53 App is up to date.
2026-03-05 11:47:59 Loaded updated app package /home/aaronz/.config/obsidian/obsidian-1.12.4.asar
2026-03-05 11:47:59 Checking for update using Github
2026-03-05 11:47:59 Success.
2026-03-05 11:47:59 Latest version is 1.12.4
2026-03-05 11:47:59 App is up to date.
2026-03-05 12:47:59 Checking for update using Github
2026-03-05 12:47:59 Success.
2026-03-05 12:47:59 Latest version is 1.12.4
2026-03-05 12:47:59 App is up to date.
2026-03-06 13:46:40 Loaded main app package /usr/lib/obsidian/obsidian.asar
2026-03-06 13:46:40 Checking for update using Github
2026-03-06 13:46:41 Success.
2026-03-06 13:46:41 Latest version is 1.12.4
2026-03-06 13:46:41 App is up to date.
2026-03-06 17:42:01 Loaded main app package /usr/lib/obsidian/obsidian.asar
2026-03-06 17:42:01 Checking for update using Github
2026-03-06 17:42:01 Success.
2026-03-06 17:42:01 Latest version is 1.12.4
2026-03-06 17:42:01 App is up to date.
2026-03-06 18:15:58 Loaded main app package /usr/lib/obsidian/obsidian.asar
2026-03-06 18:15:58 Checking for update using Github
2026-03-06 18:15:58 Success.
2026-03-06 18:15:58 Latest version is 1.12.4
2026-03-06 18:15:58 App is up to date.
2026-03-07 15:12:34 Loaded main app package /usr/lib/obsidian/obsidian.asar
2026-03-07 15:12:34 Checking for update using Github
2026-03-07 15:12:34 Success.
2026-03-07 15:12:34 Latest version is 1.12.4
2026-03-07 15:12:34 App is up to date.
2026-03-07 15:56:01 Loaded main app package /usr/lib/obsidian/obsidian.asar
2026-03-07 16:12:34 Checking for update using Github
2026-03-07 16:12:34 Success.
2026-03-07 16:12:34 Latest version is 1.12.4
2026-03-07 16:12:34 App is up to date.
2026-03-07 17:46:23 Checking for update using Github
2026-03-07 17:46:23 Success.
2026-03-07 17:46:23 Latest version is 1.12.4
2026-03-07 17:46:23 App is up to date.
2026-03-07 18:46:23 Checking for update using Github
2026-03-07 18:46:23 Success.
2026-03-07 18:46:23 Latest version is 1.12.4
2026-03-07 18:46:23 App is up to date.
2026-03-07 19:46:23 Checking for update using Github
2026-03-07 19:46:23 Success.
2026-03-07 19:46:23 Latest version is 1.12.4
2026-03-07 19:46:23 App is up to date.
2026-03-07 21:08:23 Checking for update using Github
2026-03-07 21:08:23 Success.
2026-03-07 21:08:23 Latest version is 1.12.4
2026-03-07 21:08:23 App is up to date.
2026-03-08 10:01:45 Loaded main app package /usr/lib/obsidian/obsidian.asar
2026-03-08 10:01:46 Checking for update using Github
2026-03-08 10:01:46 Success.
2026-03-08 10:01:46 Latest version is 1.12.4
2026-03-08 10:01:46 App is up to date.
2026-03-08 14:57:21 Loaded main app package /usr/lib/obsidian/obsidian.asar
2026-03-08 14:57:21 Checking for update using Github
2026-03-08 14:57:22 Success.
2026-03-08 14:57:22 Latest version is 1.12.4
2026-03-08 14:57:22 App is up to date.
2026-03-08 15:57:21 Checking for update using Github
2026-03-08 15:57:21 Success.
2026-03-08 15:57:21 Latest version is 1.12.4
2026-03-08 15:57:21 App is up to date.
2026-03-09 09:42:17 Loaded main app package /usr/lib/obsidian/obsidian.asar
2026-03-09 09:42:18 Checking for update using Github
2026-03-09 09:42:18 Success.
2026-03-09 09:42:18 Latest version is 1.12.4
2026-03-09 09:42:18 App is up to date.
2026-03-09 11:30:45 Loaded main app package /usr/lib/obsidian/obsidian.asar
2026-03-09 11:30:46 Checking for update using Github
2026-03-09 11:30:46 Success.
2026-03-09 11:30:46 Latest version is 1.12.4
2026-03-09 11:30:46 App is up to date.
2026-03-09 12:46:25 Checking for update using Github
2026-03-09 12:46:26 Success.
2026-03-09 12:46:26 Latest version is 1.12.4
2026-03-09 12:46:26 App is up to date.
2026-03-09 15:07:43 Loaded main app package /usr/lib/obsidian/obsidian.asar
2026-03-09 15:07:43 Checking for update using Github
2026-03-09 15:07:44 Success.
2026-03-09 15:07:44 Latest version is 1.12.4
2026-03-09 15:07:44 App is up to date.
2026-03-09 16:08:25 Loaded main app package /usr/lib/obsidian/obsidian.asar
2026-03-09 16:08:26 Checking for update using Github
2026-03-09 16:08:26 Success.
2026-03-09 16:08:26 Latest version is 1.12.4
2026-03-09 16:08:26 App is up to date.
2026-03-09 19:09:26 Loaded main app package /usr/lib/obsidian/obsidian.asar
2026-03-09 19:09:26 Checking for update using Github
2026-03-09 19:09:27 Success.
2026-03-09 19:09:27 Latest version is 1.12.4
2026-03-09 19:09:27 App is up to date.
2026-03-09 20:09:26 Checking for update using Github
2026-03-09 20:09:26 Success.
2026-03-09 20:09:26 Latest version is 1.12.4
2026-03-09 20:09:26 App is up to date.
2026-03-09 21:09:26 Checking for update using Github
2026-03-09 21:09:26 Success.
2026-03-09 21:09:26 Latest version is 1.12.4
2026-03-09 21:09:26 App is up to date.
2026-03-09 22:09:26 Checking for update using Github
2026-03-09 22:09:26 Success.
2026-03-09 22:09:26 Latest version is 1.12.4
2026-03-09 22:09:26 App is up to date.
2026-03-10 10:14:04 Loaded main app package /usr/lib/obsidian/obsidian.asar
2026-03-10 10:14:04 Checking for update using Github
2026-03-10 10:14:04 Success.
2026-03-10 10:14:04 Latest version is 1.12.4
2026-03-10 10:14:04 App is up to date.
2026-03-10 11:14:04 Checking for update using Github
2026-03-10 11:14:04 Success.
2026-03-10 11:14:04 Latest version is 1.12.4
2026-03-10 11:14:04 App is up to date.
2026-03-10 12:14:04 Checking for update using Github
2026-03-10 12:14:04 Success.
2026-03-10 12:14:04 Latest version is 1.12.4
2026-03-10 12:14:04 App is up to date.
2026-03-10 14:06:38 Loaded main app package /usr/lib/obsidian/obsidian.asar
2026-03-10 14:06:38 Checking for update using Github
2026-03-10 14:06:39 Success.
2026-03-10 14:06:39 Latest version is 1.12.4
2026-03-10 14:06:39 App is up to date.
2026-03-10 16:30:04 Loaded main app package /usr/lib/obsidian/obsidian.asar
2026-03-10 16:30:04 Checking for update using Github
2026-03-10 16:30:04 Success.
2026-03-10 16:30:04 Latest version is 1.12.4
2026-03-10 16:30:04 App is up to date.
2026-03-10 17:32:29 Checking for update using Github
2026-03-10 17:32:29 Success.
2026-03-10 17:32:29 Latest version is 1.12.4
2026-03-10 17:32:29 App is up to date.
2026-03-11 10:00:15 Loaded main app package /usr/lib/obsidian/obsidian.asar
2026-03-11 10:00:15 Checking for update using Github
2026-03-11 10:00:16 Success.
2026-03-11 10:00:16 Latest version is 1.12.4
2026-03-11 10:00:16 App is up to date.
2026-03-11 11:00:15 Checking for update using Github
2026-03-11 11:00:15 Success.
2026-03-11 11:00:15 Latest version is 1.12.4
2026-03-11 11:00:15 App is up to date.
2026-03-11 12:00:15 Checking for update using Github
2026-03-11 12:00:15 Success.
2026-03-11 12:00:15 Latest version is 1.12.4
2026-03-11 12:00:15 App is up to date.
2026-03-11 13:00:15 Checking for update using Github
2026-03-11 13:00:15 Success.
2026-03-11 13:00:15 Latest version is 1.12.4
2026-03-11 13:00:15 App is up to date.
2026-03-11 14:34:51 Loaded main app package /usr/lib/obsidian/obsidian.asar
2026-03-11 14:34:52 Checking for update using Github
2026-03-11 14:34:52 Success.
2026-03-11 14:34:52 Latest version is 1.12.4
2026-03-11 14:34:52 App is up to date.
2026-03-11 14:51:41 Loaded main app package /usr/lib/obsidian/obsidian.asar
2026-03-11 14:51:42 Checking for update using Github
2026-03-11 14:51:42 Success.
2026-03-11 14:51:42 Latest version is 1.12.4
2026-03-11 14:51:42 App is up to date.
2026-03-11 15:51:41 Checking for update using Github
2026-03-11 15:51:41 Success.
2026-03-11 15:51:41 Latest version is 1.12.4
2026-03-11 15:51:41 App is up to date.
2026-03-13 09:50:39 Loaded main app package /usr/lib/obsidian/obsidian.asar
2026-03-13 09:50:39 Checking for update using Github
2026-03-13 09:50:39 Success.
2026-03-13 09:50:39 Latest version is 1.12.4
2026-03-13 09:50:39 App is up to date.
2026-03-13 10:50:39 Checking for update using Github
2026-03-13 10:50:39 Success.
2026-03-13 10:50:39 Latest version is 1.12.4
2026-03-13 10:50:39 App is up to date.
2026-03-13 11:50:39 Checking for update using Github
2026-03-13 11:50:39 Success.
2026-03-13 11:50:39 Latest version is 1.12.4
2026-03-13 11:50:39 App is up to date.
2026-03-13 12:50:39 Checking for update using Github
2026-03-13 12:50:39 Success.
2026-03-13 12:50:39 Latest version is 1.12.4
2026-03-13 12:50:39 App is up to date.
2026-03-18 15:32:06 Loaded main app package /usr/lib/obsidian/obsidian.asar
2026-03-18 15:32:07 Checking for update using Github
2026-03-18 15:32:07 Success.
2026-03-18 15:32:07 Latest version is 1.12.4
2026-03-18 15:32:07 App is up to date.
2026-03-19 13:50:05 Loaded main app package /usr/lib/obsidian/obsidian.asar
2026-03-19 13:50:05 Checking for update using Github
2026-03-19 13:50:05 Success.
2026-03-19 13:50:05 Latest version is 1.12.4
2026-03-19 13:50:05 App is up to date.
2026-03-19 14:14:33 Loaded main app package /usr/lib/obsidian/obsidian.asar
2026-03-19 14:14:34 Checking for update using Github
2026-03-19 14:14:34 Success.
2026-03-19 14:14:34 Latest version is 1.12.4
2026-03-19 14:14:34 App is up to date.
2026-03-20 17:03:47 Loaded main app package /usr/lib/obsidian/obsidian.asar
2026-03-20 17:03:48 Checking for update using Github
2026-03-20 17:03:48 Success.
2026-03-20 17:03:48 Latest version is 1.12.4
2026-03-20 17:03:48 App is up to date.
2026-03-21 16:51:29 Loaded main app package /usr/lib/obsidian/obsidian.asar
2026-03-21 16:51:29 Checking for update using Github
2026-03-21 16:51:29 Success.
2026-03-21 16:51:29 Latest version is 1.12.4
2026-03-21 16:51:29 App is up to date.
2026-03-23 10:36:51 Loaded main app package /usr/lib/obsidian/obsidian.asar
2026-03-23 10:36:52 Checking for update using Github
2026-03-23 10:36:52 Success.
2026-03-23 10:36:52 Latest version is 1.12.4
2026-03-23 10:36:52 App is up to date.
2026-03-24 13:40:50 Loaded main app package /usr/lib/obsidian/obsidian.asar
2026-03-24 13:40:51 Checking for update using Github
2026-03-24 13:40:51 Success.
2026-03-24 13:40:51 Latest version is 1.12.7
2026-03-24 13:40:51 Downloading update from https://github.com/obsidianmd/obsidian-releases/releases/download/v1.12.7/obsidian-1.12.7.asar.gz
2026-03-24 13:40:52 Verifying hash & signature. Size= 8323080
2026-03-24 13:40:52 Saving file
2026-03-24 13:40:52 Update complete.
2026-03-24 14:44:54 Checking for update using Github
2026-03-24 14:44:54 Success.
2026-03-24 14:44:54 Latest version is 1.12.7
2026-03-24 14:44:54 An update is already downloaded.
2026-03-24 16:42:07 Loaded updated app package /home/aaronz/.config/obsidian/obsidian-1.12.7.asar
2026-03-24 16:42:07 Checking for update using Github
2026-03-24 16:42:07 Success.
2026-03-24 16:42:07 Latest version is 1.12.7
2026-03-24 16:42:07 App is up to date.
2026-04-04 07:47:29 Loaded main app package /usr/lib/obsidian/obsidian.asar
2026-04-04 07:47:30 Checking for update using Github
2026-04-04 07:47:30 Success.
2026-04-04 07:47:30 Latest version is 1.12.7
2026-04-04 07:47:30 App is up to date.
2026-04-04 08:47:29 Checking for update using Github
2026-04-04 08:47:29 Success.
2026-04-04 08:47:29 Latest version is 1.12.7
2026-04-04 08:47:29 App is up to date.
2026-04-04 09:47:29 Checking for update using Github
2026-04-04 09:47:29 Success.
2026-04-04 09:47:29 Latest version is 1.12.7
2026-04-04 09:47:29 App is up to date.
2026-04-04 10:47:29 Checking for update using Github
2026-04-04 10:47:29 Success.
2026-04-04 10:47:29 Latest version is 1.12.7
2026-04-04 10:47:29 App is up to date.
2026-04-04 13:04:58 Checking for update using Github
2026-04-04 13:04:59 Success.
2026-04-04 13:04:59 Latest version is 1.12.7
2026-04-04 13:04:59 App is up to date.
2026-04-04 14:04:59 Checking for update using Github
2026-04-04 14:04:59 Success.
2026-04-04 14:04:59 Latest version is 1.12.7
2026-04-04 14:04:59 App is up to date.
2026-04-05 14:12:35 Loaded main app package /usr/lib/obsidian/obsidian.asar
2026-04-05 14:12:36 Checking for update using Github
2026-04-05 14:12:36 Success.
2026-04-05 14:12:36 Latest version is 1.12.7
2026-04-05 14:12:36 App is up to date.
2026-04-05 15:12:35 Checking for update using Github
2026-04-05 15:12:35 Success.
2026-04-05 15:12:35 Latest version is 1.12.7
2026-04-05 15:12:35 App is up to date.
2026-04-05 15:34:42 Loaded main app package /usr/lib/obsidian/obsidian.asar
2026-04-05 15:34:42 Checking for update using Github
2026-04-05 15:34:42 Success.
2026-04-05 15:34:42 Latest version is 1.12.7
2026-04-05 15:34:42 App is up to date.
2026-04-06 08:23:56 Loaded main app package /usr/lib/obsidian/obsidian.asar
2026-04-06 08:23:56 Checking for update using Github
2026-04-06 08:23:56 Success.
2026-04-06 08:23:56 Latest version is 1.12.7
2026-04-06 08:23:56 App is up to date.
2026-04-18 09:01:16 Loaded main app package /usr/lib/obsidian/obsidian.asar
2026-04-18 09:01:16 Checking for update using Github
2026-04-18 09:01:16 Success.
2026-04-18 09:01:16 Latest version is 1.12.7
2026-04-18 09:01:16 App is up to date.
2026-04-21 09:24:41 Loaded main app package /usr/lib/obsidian/obsidian.asar
2026-04-21 09:24:42 Checking for update using Github
2026-04-21 09:24:42 Success.
2026-04-21 09:24:42 Latest version is 1.12.7
2026-04-21 09:24:42 App is up to date.
2026-04-30 14:44:32 Loaded main app package /usr/lib/obsidian/obsidian.asar
2026-04-30 14:44:32 Checking for update using Github
2026-04-30 14:44:32 Success.
2026-04-30 14:44:32 Latest version is 1.12.7
2026-04-30 14:44:32 App is up to date.
2026-04-30 15:44:32 Checking for update using Github
2026-04-30 15:44:32 Success.
2026-04-30 15:44:32 Latest version is 1.12.7
2026-04-30 15:44:32 App is up to date.
2026-04-30 17:35:44 Loaded main app package /usr/lib/obsidian/obsidian.asar
2026-04-30 17:35:44 Checking for update using Github
2026-04-30 17:35:45 Success.
2026-04-30 17:35:45 Latest version is 1.12.7
2026-04-30 17:35:45 App is up to date.
2026-05-03 10:56:54 Loaded main app package /usr/lib/obsidian/obsidian.asar
2026-05-03 10:56:54 Checking for update using Github
2026-05-03 10:56:54 Success.
2026-05-03 10:56:54 Latest version is 1.12.7
2026-05-03 10:56:54 App is up to date.
2026-05-03 12:44:31 Checking for update using Github
2026-05-03 12:44:31 Success.
2026-05-03 12:44:31 Latest version is 1.12.7
2026-05-03 12:44:31 App is up to date.
2026-05-03 13:44:31 Checking for update using Github
2026-05-03 13:44:31 Success.
2026-05-03 13:44:31 Latest version is 1.12.7
2026-05-03 13:44:31 App is up to date.
